[2026-06-07T04:35:29.150+0000] {processor.py:161} INFO - Started process (PID=168) to work on /opt/airflow/dags/cotacoes_dags.py
[2026-06-07T04:35:29.154+0000] {processor.py:830} INFO - Processing file /opt/airflow/dags/cotacoes_dags.py for tasks to queue
[2026-06-07T04:35:29.170+0000] {logging_mixin.py:188} INFO - [2026-06-07T04:35:29.168+0000] {dagbag.py:545} INFO - Filling up the DagBag from /opt/airflow/dags/cotacoes_dags.py
[2026-06-07T04:35:29.351+0000] {processor.py:840} INFO - DAG(s) 'etl_cotacoes_moedas' retrieved from /opt/airflow/dags/cotacoes_dags.py
[2026-06-07T04:35:30.550+0000] {logging_mixin.py:188} INFO - [2026-06-07T04:35:30.547+0000] {override.py:1829} INFO - Created Permission View: can delete on DAG:etl_cotacoes_moedas
[2026-06-07T04:35:30.646+0000] {logging_mixin.py:188} INFO - [2026-06-07T04:35:30.644+0000] {override.py:1829} INFO - Created Permission View: can read on DAG:etl_cotacoes_moedas
[2026-06-07T04:35:30.701+0000] {logging_mixin.py:188} INFO - [2026-06-07T04:35:30.699+0000] {override.py:1829} INFO - Created Permission View: can edit on DAG:etl_cotacoes_moedas
[2026-06-07T04:35:30.709+0000] {logging_mixin.py:188} INFO - [2026-06-07T04:35:30.708+0000] {dag.py:3096} INFO - Sync 1 DAGs
[2026-06-07T04:35:30.782+0000] {logging_mixin.py:188} INFO - [2026-06-07T04:35:30.781+0000] {dag.py:3118} INFO - Creating ORM DAG for etl_cotacoes_moedas
[2026-06-07T04:35:30.837+0000] {logging_mixin.py:188} INFO - [2026-06-07T04:35:30.837+0000] {dag.py:3954} INFO - Setting next_dagrun for etl_cotacoes_moedas to 2026-06-06 00:00:00+00:00, run_after=2026-06-07 00:00:00+00:00
[2026-06-07T04:35:30.947+0000] {processor.py:183} INFO - Processing /opt/airflow/dags/cotacoes_dags.py took 1.819 seconds
[2026-06-07T04:36:01.441+0000] {processor.py:161} INFO - Started process (PID=173) to work on /opt/airflow/dags/cotacoes_dags.py
[2026-06-07T04:36:01.443+0000] {processor.py:830} INFO - Processing file /opt/airflow/dags/cotacoes_dags.py for tasks to queue
[2026-06-07T04:36:01.449+0000] {logging_mixin.py:188} INFO - [2026-06-07T04:36:01.448+0000] {dagbag.py:545} INFO - Filling up the DagBag from /opt/airflow/dags/cotacoes_dags.py
[2026-06-07T04:36:01.504+0000] {processor.py:840} INFO - DAG(s) 'etl_cotacoes_moedas' retrieved from /opt/airflow/dags/cotacoes_dags.py
[2026-06-07T04:36:01.580+0000] {logging_mixin.py:188} INFO - [2026-06-07T04:36:01.579+0000] {dag.py:3096} INFO - Sync 1 DAGs
[2026-06-07T04:36:01.623+0000] {logging_mixin.py:188} INFO - [2026-06-07T04:36:01.623+0000] {dag.py:3954} INFO - Setting next_dagrun for etl_cotacoes_moedas to 2026-06-06 00:00:00+00:00, run_after=2026-06-07 00:00:00+00:00
[2026-06-07T04:36:01.693+0000] {processor.py:183} INFO - Processing /opt/airflow/dags/cotacoes_dags.py took 0.285 seconds
[2026-06-07T04:36:32.045+0000] {processor.py:161} INFO - Started process (PID=178) to work on /opt/airflow/dags/cotacoes_dags.py
[2026-06-07T04:36:32.048+0000] {processor.py:830} INFO - Processing file /opt/airflow/dags/cotacoes_dags.py for tasks to queue
[2026-06-07T04:36:32.051+0000] {logging_mixin.py:188} INFO - [2026-06-07T04:36:32.051+0000] {dagbag.py:545} INFO - Filling up the DagBag from /opt/airflow/dags/cotacoes_dags.py
[2026-06-07T04:36:32.089+0000] {processor.py:840} INFO - DAG(s) 'etl_cotacoes_moedas' retrieved from /opt/airflow/dags/cotacoes_dags.py
[2026-06-07T04:36:32.148+0000] {logging_mixin.py:188} INFO - [2026-06-07T04:36:32.147+0000] {dag.py:3096} INFO - Sync 1 DAGs
[2026-06-07T04:36:32.213+0000] {logging_mixin.py:188} INFO - [2026-06-07T04:36:32.210+0000] {dag.py:3954} INFO - Setting next_dagrun for etl_cotacoes_moedas to 2026-06-06 00:00:00+00:00, run_after=2026-06-07 00:00:00+00:00
[2026-06-07T04:36:32.252+0000] {processor.py:183} INFO - Processing /opt/airflow/dags/cotacoes_dags.py took 0.215 seconds
[2026-06-07T04:37:02.607+0000] {processor.py:161} INFO - Started process (PID=183) to work on /opt/airflow/dags/cotacoes_dags.py
[2026-06-07T04:37:02.618+0000] {processor.py:830} INFO - Processing file /opt/airflow/dags/cotacoes_dags.py for tasks to queue
[2026-06-07T04:37:02.644+0000] {logging_mixin.py:188} INFO - [2026-06-07T04:37:02.637+0000] {dagbag.py:545} INFO - Filling up the DagBag from /opt/airflow/dags/cotacoes_dags.py
[2026-06-07T04:37:02.868+0000] {processor.py:840} INFO - DAG(s) 'etl_cotacoes_moedas' retrieved from /opt/airflow/dags/cotacoes_dags.py
[2026-06-07T04:37:03.210+0000] {logging_mixin.py:188} INFO - [2026-06-07T04:37:03.209+0000] {dag.py:3096} INFO - Sync 1 DAGs
[2026-06-07T04:37:03.424+0000] {logging_mixin.py:188} INFO - [2026-06-07T04:37:03.423+0000] {dag.py:3954} INFO - Setting next_dagrun for etl_cotacoes_moedas to 2026-06-06 00:00:00+00:00, run_after=2026-06-07 00:00:00+00:00
[2026-06-07T04:37:03.734+0000] {processor.py:183} INFO - Processing /opt/airflow/dags/cotacoes_dags.py took 1.191 seconds
[2026-06-07T04:37:34.371+0000] {processor.py:161} INFO - Started process (PID=196) to work on /opt/airflow/dags/cotacoes_dags.py
[2026-06-07T04:37:34.381+0000] {processor.py:830} INFO - Processing file /opt/airflow/dags/cotacoes_dags.py for tasks to queue
[2026-06-07T04:37:34.388+0000] {logging_mixin.py:188} INFO - [2026-06-07T04:37:34.387+0000] {dagbag.py:545} INFO - Filling up the DagBag from /opt/airflow/dags/cotacoes_dags.py
[2026-06-07T04:37:34.493+0000] {processor.py:840} INFO - DAG(s) 'etl_cotacoes_moedas' retrieved from /opt/airflow/dags/cotacoes_dags.py
[2026-06-07T04:37:34.633+0000] {logging_mixin.py:188} INFO - [2026-06-07T04:37:34.632+0000] {dag.py:3096} INFO - Sync 1 DAGs
[2026-06-07T04:37:34.723+0000] {processor.py:183} INFO - Processing /opt/airflow/dags/cotacoes_dags.py took 0.365 seconds
[2026-06-07T04:38:05.223+0000] {processor.py:161} INFO - Started process (PID=201) to work on /opt/airflow/dags/cotacoes_dags.py
[2026-06-07T04:38:05.234+0000] {processor.py:830} INFO - Processing file /opt/airflow/dags/cotacoes_dags.py for tasks to queue
[2026-06-07T04:38:05.244+0000] {logging_mixin.py:188} INFO - [2026-06-07T04:38:05.242+0000] {dagbag.py:545} INFO - Filling up the DagBag from /opt/airflow/dags/cotacoes_dags.py
[2026-06-07T04:38:05.317+0000] {processor.py:840} INFO - DAG(s) 'etl_cotacoes_moedas' retrieved from /opt/airflow/dags/cotacoes_dags.py
[2026-06-07T04:38:05.426+0000] {logging_mixin.py:188} INFO - [2026-06-07T04:38:05.426+0000] {dag.py:3096} INFO - Sync 1 DAGs
[2026-06-07T04:38:05.579+0000] {processor.py:183} INFO - Processing /opt/airflow/dags/cotacoes_dags.py took 0.379 seconds
[2026-06-07T04:38:36.048+0000] {processor.py:161} INFO - Started process (PID=206) to work on /opt/airflow/dags/cotacoes_dags.py
[2026-06-07T04:38:36.053+0000] {processor.py:830} INFO - Processing file /opt/airflow/dags/cotacoes_dags.py for tasks to queue
[2026-06-07T04:38:36.062+0000] {logging_mixin.py:188} INFO - [2026-06-07T04:38:36.060+0000] {dagbag.py:545} INFO - Filling up the DagBag from /opt/airflow/dags/cotacoes_dags.py
[2026-06-07T04:38:36.171+0000] {processor.py:840} INFO - DAG(s) 'etl_cotacoes_moedas' retrieved from /opt/airflow/dags/cotacoes_dags.py
[2026-06-07T04:38:36.289+0000] {logging_mixin.py:188} INFO - [2026-06-07T04:38:36.289+0000] {dag.py:3096} INFO - Sync 1 DAGs
[2026-06-07T04:38:36.655+0000] {processor.py:183} INFO - Processing /opt/airflow/dags/cotacoes_dags.py took 0.632 seconds
[2026-06-07T04:39:06.841+0000] {processor.py:161} INFO - Started process (PID=211) to work on /opt/airflow/dags/cotacoes_dags.py
[2026-06-07T04:39:06.842+0000] {processor.py:830} INFO - Processing file /opt/airflow/dags/cotacoes_dags.py for tasks to queue
[2026-06-07T04:39:06.844+0000] {logging_mixin.py:188} INFO - [2026-06-07T04:39:06.844+0000] {dagbag.py:545} INFO - Filling up the DagBag from /opt/airflow/dags/cotacoes_dags.py
[2026-06-07T04:39:06.884+0000] {processor.py:840} INFO - DAG(s) 'etl_cotacoes_moedas' retrieved from /opt/airflow/dags/cotacoes_dags.py
[2026-06-07T04:39:06.922+0000] {logging_mixin.py:188} INFO - [2026-06-07T04:39:06.922+0000] {dag.py:3096} INFO - Sync 1 DAGs
[2026-06-07T04:39:07.189+0000] {processor.py:183} INFO - Processing /opt/airflow/dags/cotacoes_dags.py took 0.355 seconds
[2026-06-07T04:39:37.396+0000] {processor.py:161} INFO - Started process (PID=216) to work on /opt/airflow/dags/cotacoes_dags.py
[2026-06-07T04:39:37.398+0000] {processor.py:830} INFO - Processing file /opt/airflow/dags/cotacoes_dags.py for tasks to queue
[2026-06-07T04:39:37.401+0000] {logging_mixin.py:188} INFO - [2026-06-07T04:39:37.401+0000] {dagbag.py:545} INFO - Filling up the DagBag from /opt/airflow/dags/cotacoes_dags.py
[2026-06-07T04:39:37.690+0000] {processor.py:840} INFO - DAG(s) 'etl_cotacoes_moedas' retrieved from /opt/airflow/dags/cotacoes_dags.py
[2026-06-07T04:39:37.805+0000] {logging_mixin.py:188} INFO - [2026-06-07T04:39:37.804+0000] {dag.py:3096} INFO - Sync 1 DAGs
[2026-06-07T04:39:37.844+0000] {processor.py:183} INFO - Processing /opt/airflow/dags/cotacoes_dags.py took 0.456 seconds
[2026-06-07T04:40:08.629+0000] {processor.py:161} INFO - Started process (PID=221) to work on /opt/airflow/dags/cotacoes_dags.py
[2026-06-07T04:40:08.631+0000] {processor.py:830} INFO - Processing file /opt/airflow/dags/cotacoes_dags.py for tasks to queue
[2026-06-07T04:40:08.636+0000] {logging_mixin.py:188} INFO - [2026-06-07T04:40:08.635+0000] {dagbag.py:545} INFO - Filling up the DagBag from /opt/airflow/dags/cotacoes_dags.py
[2026-06-07T04:40:08.689+0000] {processor.py:840} INFO - DAG(s) 'etl_cotacoes_moedas' retrieved from /opt/airflow/dags/cotacoes_dags.py
[2026-06-07T04:40:08.757+0000] {logging_mixin.py:188} INFO - [2026-06-07T04:40:08.756+0000] {dag.py:3096} INFO - Sync 1 DAGs
[2026-06-07T04:40:08.879+0000] {processor.py:183} INFO - Processing /opt/airflow/dags/cotacoes_dags.py took 0.262 seconds
[2026-06-07T04:40:39.355+0000] {processor.py:161} INFO - Started process (PID=226) to work on /opt/airflow/dags/cotacoes_dags.py
[2026-06-07T04:40:39.357+0000] {processor.py:830} INFO - Processing file /opt/airflow/dags/cotacoes_dags.py for tasks to queue
[2026-06-07T04:40:39.361+0000] {logging_mixin.py:188} INFO - [2026-06-07T04:40:39.361+0000] {dagbag.py:545} INFO - Filling up the DagBag from /opt/airflow/dags/cotacoes_dags.py
[2026-06-07T04:40:39.411+0000] {processor.py:840} INFO - DAG(s) 'etl_cotacoes_moedas' retrieved from /opt/airflow/dags/cotacoes_dags.py
[2026-06-07T04:40:39.454+0000] {logging_mixin.py:188} INFO - [2026-06-07T04:40:39.454+0000] {dag.py:3096} INFO - Sync 1 DAGs
[2026-06-07T04:40:39.510+0000] {processor.py:183} INFO - Processing /opt/airflow/dags/cotacoes_dags.py took 0.167 seconds
[2026-06-07T04:41:09.677+0000] {processor.py:161} INFO - Started process (PID=231) to work on /opt/airflow/dags/cotacoes_dags.py
[2026-06-07T04:41:09.680+0000] {processor.py:830} INFO - Processing file /opt/airflow/dags/cotacoes_dags.py for tasks to queue
[2026-06-07T04:41:09.684+0000] {logging_mixin.py:188} INFO - [2026-06-07T04:41:09.683+0000] {dagbag.py:545} INFO - Filling up the DagBag from /opt/airflow/dags/cotacoes_dags.py
[2026-06-07T04:41:09.731+0000] {processor.py:840} INFO - DAG(s) 'etl_cotacoes_moedas' retrieved from /opt/airflow/dags/cotacoes_dags.py
[2026-06-07T04:41:09.810+0000] {logging_mixin.py:188} INFO - [2026-06-07T04:41:09.810+0000] {dag.py:3096} INFO - Sync 1 DAGs
[2026-06-07T04:41:09.944+0000] {processor.py:183} INFO - Processing /opt/airflow/dags/cotacoes_dags.py took 0.277 seconds
[2026-06-07T04:41:40.220+0000] {processor.py:161} INFO - Started process (PID=236) to work on /opt/airflow/dags/cotacoes_dags.py
[2026-06-07T04:41:40.222+0000] {processor.py:830} INFO - Processing file /opt/airflow/dags/cotacoes_dags.py for tasks to queue
[2026-06-07T04:41:40.226+0000] {logging_mixin.py:188} INFO - [2026-06-07T04:41:40.226+0000] {dagbag.py:545} INFO - Filling up the DagBag from /opt/airflow/dags/cotacoes_dags.py
[2026-06-07T04:41:40.275+0000] {processor.py:840} INFO - DAG(s) 'etl_cotacoes_moedas' retrieved from /opt/airflow/dags/cotacoes_dags.py
[2026-06-07T04:41:40.336+0000] {logging_mixin.py:188} INFO - [2026-06-07T04:41:40.336+0000] {dag.py:3096} INFO - Sync 1 DAGs
[2026-06-07T04:41:40.373+0000] {processor.py:183} INFO - Processing /opt/airflow/dags/cotacoes_dags.py took 0.165 seconds
[2026-06-07T04:42:10.705+0000] {processor.py:161} INFO - Started process (PID=241) to work on /opt/airflow/dags/cotacoes_dags.py
[2026-06-07T04:42:10.708+0000] {processor.py:830} INFO - Processing file /opt/airflow/dags/cotacoes_dags.py for tasks to queue
[2026-06-07T04:42:10.712+0000] {logging_mixin.py:188} INFO - [2026-06-07T04:42:10.711+0000] {dagbag.py:545} INFO - Filling up the DagBag from /opt/airflow/dags/cotacoes_dags.py
[2026-06-07T04:42:10.780+0000] {processor.py:840} INFO - DAG(s) 'etl_cotacoes_moedas' retrieved from /opt/airflow/dags/cotacoes_dags.py
[2026-06-07T04:42:10.818+0000] {logging_mixin.py:188} INFO - [2026-06-07T04:42:10.818+0000] {dag.py:3096} INFO - Sync 1 DAGs
[2026-06-07T04:42:10.863+0000] {processor.py:183} INFO - Processing /opt/airflow/dags/cotacoes_dags.py took 0.171 seconds
[2026-06-07T04:42:41.111+0000] {processor.py:161} INFO - Started process (PID=249) to work on /opt/airflow/dags/cotacoes_dags.py
[2026-06-07T04:42:41.114+0000] {processor.py:830} INFO - Processing file /opt/airflow/dags/cotacoes_dags.py for tasks to queue
[2026-06-07T04:42:41.119+0000] {logging_mixin.py:188} INFO - [2026-06-07T04:42:41.118+0000] {dagbag.py:545} INFO - Filling up the DagBag from /opt/airflow/dags/cotacoes_dags.py
[2026-06-07T04:42:41.194+0000] {processor.py:840} INFO - DAG(s) 'etl_cotacoes_moedas' retrieved from /opt/airflow/dags/cotacoes_dags.py
[2026-06-07T04:42:41.278+0000] {logging_mixin.py:188} INFO - [2026-06-07T04:42:41.278+0000] {dag.py:3096} INFO - Sync 1 DAGs
[2026-06-07T04:42:41.348+0000] {processor.py:183} INFO - Processing /opt/airflow/dags/cotacoes_dags.py took 0.253 seconds
[2026-06-07T04:43:11.680+0000] {processor.py:161} INFO - Started process (PID=254) to work on /opt/airflow/dags/cotacoes_dags.py
[2026-06-07T04:43:11.686+0000] {processor.py:830} INFO - Processing file /opt/airflow/dags/cotacoes_dags.py for tasks to queue
[2026-06-07T04:43:11.691+0000] {logging_mixin.py:188} INFO - [2026-06-07T04:43:11.691+0000] {dagbag.py:545} INFO - Filling up the DagBag from /opt/airflow/dags/cotacoes_dags.py
[2026-06-07T04:43:11.743+0000] {processor.py:840} INFO - DAG(s) 'etl_cotacoes_moedas' retrieved from /opt/airflow/dags/cotacoes_dags.py
[2026-06-07T04:43:11.816+0000] {logging_mixin.py:188} INFO - [2026-06-07T04:43:11.815+0000] {dag.py:3096} INFO - Sync 1 DAGs
[2026-06-07T04:43:11.873+0000] {processor.py:183} INFO - Processing /opt/airflow/dags/cotacoes_dags.py took 0.208 seconds
[2026-06-07T04:43:42.143+0000] {processor.py:161} INFO - Started process (PID=262) to work on /opt/airflow/dags/cotacoes_dags.py
[2026-06-07T04:43:42.146+0000] {processor.py:830} INFO - Processing file /opt/airflow/dags/cotacoes_dags.py for tasks to queue
[2026-06-07T04:43:42.150+0000] {logging_mixin.py:188} INFO - [2026-06-07T04:43:42.149+0000] {dagbag.py:545} INFO - Filling up the DagBag from /opt/airflow/dags/cotacoes_dags.py
[2026-06-07T04:43:42.221+0000] {processor.py:840} INFO - DAG(s) 'etl_cotacoes_moedas' retrieved from /opt/airflow/dags/cotacoes_dags.py
[2026-06-07T04:43:42.282+0000] {logging_mixin.py:188} INFO - [2026-06-07T04:43:42.282+0000] {dag.py:3096} INFO - Sync 1 DAGs
[2026-06-07T04:43:42.362+0000] {processor.py:183} INFO - Processing /opt/airflow/dags/cotacoes_dags.py took 0.232 seconds
[2026-06-07T04:44:12.578+0000] {processor.py:161} INFO - Started process (PID=267) to work on /opt/airflow/dags/cotacoes_dags.py
[2026-06-07T04:44:12.579+0000] {processor.py:830} INFO - Processing file /opt/airflow/dags/cotacoes_dags.py for tasks to queue
[2026-06-07T04:44:12.582+0000] {logging_mixin.py:188} INFO - [2026-06-07T04:44:12.582+0000] {dagbag.py:545} INFO - Filling up the DagBag from /opt/airflow/dags/cotacoes_dags.py
[2026-06-07T04:44:12.618+0000] {processor.py:840} INFO - DAG(s) 'etl_cotacoes_moedas' retrieved from /opt/airflow/dags/cotacoes_dags.py
[2026-06-07T04:44:12.660+0000] {logging_mixin.py:188} INFO - [2026-06-07T04:44:12.660+0000] {dag.py:3096} INFO - Sync 1 DAGs
[2026-06-07T04:44:12.727+0000] {processor.py:183} INFO - Processing /opt/airflow/dags/cotacoes_dags.py took 0.156 seconds
[2026-06-07T04:44:54.285+0000] {processor.py:161} INFO - Started process (PID=168) to work on /opt/airflow/dags/cotacoes_dags.py
[2026-06-07T04:44:54.289+0000] {processor.py:830} INFO - Processing file /opt/airflow/dags/cotacoes_dags.py for tasks to queue
[2026-06-07T04:44:54.298+0000] {logging_mixin.py:188} INFO - [2026-06-07T04:44:54.297+0000] {dagbag.py:545} INFO - Filling up the DagBag from /opt/airflow/dags/cotacoes_dags.py
[2026-06-07T04:44:54.403+0000] {processor.py:840} INFO - DAG(s) 'etl_cotacoes_moedas' retrieved from /opt/airflow/dags/cotacoes_dags.py
[2026-06-07T04:44:54.671+0000] {logging_mixin.py:188} INFO - [2026-06-07T04:44:54.669+0000] {dag.py:3096} INFO - Sync 1 DAGs
[2026-06-07T04:44:54.949+0000] {processor.py:183} INFO - Processing /opt/airflow/dags/cotacoes_dags.py took 0.679 seconds
[2026-06-07T04:45:25.437+0000] {processor.py:161} INFO - Started process (PID=173) to work on /opt/airflow/dags/cotacoes_dags.py
[2026-06-07T04:45:25.440+0000] {processor.py:830} INFO - Processing file /opt/airflow/dags/cotacoes_dags.py for tasks to queue
[2026-06-07T04:45:25.444+0000] {logging_mixin.py:188} INFO - [2026-06-07T04:45:25.443+0000] {dagbag.py:545} INFO - Filling up the DagBag from /opt/airflow/dags/cotacoes_dags.py
[2026-06-07T04:45:25.507+0000] {processor.py:840} INFO - DAG(s) 'etl_cotacoes_moedas' retrieved from /opt/airflow/dags/cotacoes_dags.py
[2026-06-07T04:45:25.560+0000] {logging_mixin.py:188} INFO - [2026-06-07T04:45:25.559+0000] {dag.py:3096} INFO - Sync 1 DAGs
[2026-06-07T04:45:25.611+0000] {processor.py:183} INFO - Processing /opt/airflow/dags/cotacoes_dags.py took 0.186 seconds
[2026-06-07T04:45:55.865+0000] {processor.py:161} INFO - Started process (PID=178) to work on /opt/airflow/dags/cotacoes_dags.py
[2026-06-07T04:45:55.877+0000] {processor.py:830} INFO - Processing file /opt/airflow/dags/cotacoes_dags.py for tasks to queue
[2026-06-07T04:45:55.887+0000] {logging_mixin.py:188} INFO - [2026-06-07T04:45:55.886+0000] {dagbag.py:545} INFO - Filling up the DagBag from /opt/airflow/dags/cotacoes_dags.py
[2026-06-07T04:45:55.958+0000] {processor.py:840} INFO - DAG(s) 'etl_cotacoes_moedas' retrieved from /opt/airflow/dags/cotacoes_dags.py
[2026-06-07T04:45:56.019+0000] {logging_mixin.py:188} INFO - [2026-06-07T04:45:56.018+0000] {dag.py:3096} INFO - Sync 1 DAGs
[2026-06-07T04:45:56.124+0000] {processor.py:183} INFO - Processing /opt/airflow/dags/cotacoes_dags.py took 0.299 seconds
[2026-06-07T04:46:26.449+0000] {processor.py:161} INFO - Started process (PID=186) to work on /opt/airflow/dags/cotacoes_dags.py
[2026-06-07T04:46:26.452+0000] {processor.py:830} INFO - Processing file /opt/airflow/dags/cotacoes_dags.py for tasks to queue
[2026-06-07T04:46:26.459+0000] {logging_mixin.py:188} INFO - [2026-06-07T04:46:26.458+0000] {dagbag.py:545} INFO - Filling up the DagBag from /opt/airflow/dags/cotacoes_dags.py
[2026-06-07T04:46:26.517+0000] {processor.py:840} INFO - DAG(s) 'etl_cotacoes_moedas' retrieved from /opt/airflow/dags/cotacoes_dags.py
[2026-06-07T04:46:26.593+0000] {logging_mixin.py:188} INFO - [2026-06-07T04:46:26.593+0000] {dag.py:3096} INFO - Sync 1 DAGs
[2026-06-07T04:46:26.665+0000] {processor.py:183} INFO - Processing /opt/airflow/dags/cotacoes_dags.py took 0.229 seconds
[2026-06-07T04:46:56.806+0000] {processor.py:161} INFO - Started process (PID=191) to work on /opt/airflow/dags/cotacoes_dags.py
[2026-06-07T04:46:56.808+0000] {processor.py:830} INFO - Processing file /opt/airflow/dags/cotacoes_dags.py for tasks to queue
[2026-06-07T04:46:56.809+0000] {logging_mixin.py:188} INFO - [2026-06-07T04:46:56.809+0000] {dagbag.py:545} INFO - Filling up the DagBag from /opt/airflow/dags/cotacoes_dags.py
[2026-06-07T04:46:56.839+0000] {processor.py:840} INFO - DAG(s) 'etl_cotacoes_moedas' retrieved from /opt/airflow/dags/cotacoes_dags.py
[2026-06-07T04:46:56.868+0000] {logging_mixin.py:188} INFO - [2026-06-07T04:46:56.868+0000] {dag.py:3096} INFO - Sync 1 DAGs
[2026-06-07T04:46:56.928+0000] {processor.py:183} INFO - Processing /opt/airflow/dags/cotacoes_dags.py took 0.127 seconds
[2026-06-07T04:47:27.302+0000] {processor.py:161} INFO - Started process (PID=196) to work on /opt/airflow/dags/cotacoes_dags.py
[2026-06-07T04:47:27.304+0000] {processor.py:830} INFO - Processing file /opt/airflow/dags/cotacoes_dags.py for tasks to queue
[2026-06-07T04:47:27.308+0000] {logging_mixin.py:188} INFO - [2026-06-07T04:47:27.307+0000] {dagbag.py:545} INFO - Filling up the DagBag from /opt/airflow/dags/cotacoes_dags.py
[2026-06-07T04:47:27.366+0000] {processor.py:840} INFO - DAG(s) 'etl_cotacoes_moedas' retrieved from /opt/airflow/dags/cotacoes_dags.py
[2026-06-07T04:47:27.413+0000] {logging_mixin.py:188} INFO - [2026-06-07T04:47:27.413+0000] {dag.py:3096} INFO - Sync 1 DAGs
[2026-06-07T04:47:27.483+0000] {processor.py:183} INFO - Processing /opt/airflow/dags/cotacoes_dags.py took 0.192 seconds
[2026-06-07T04:47:57.641+0000] {processor.py:161} INFO - Started process (PID=201) to work on /opt/airflow/dags/cotacoes_dags.py
[2026-06-07T04:47:57.644+0000] {processor.py:830} INFO - Processing file /opt/airflow/dags/cotacoes_dags.py for tasks to queue
[2026-06-07T04:47:57.648+0000] {logging_mixin.py:188} INFO - [2026-06-07T04:47:57.648+0000] {dagbag.py:545} INFO - Filling up the DagBag from /opt/airflow/dags/cotacoes_dags.py
[2026-06-07T04:47:57.705+0000] {processor.py:840} INFO - DAG(s) 'etl_cotacoes_moedas' retrieved from /opt/airflow/dags/cotacoes_dags.py
[2026-06-07T04:47:57.750+0000] {logging_mixin.py:188} INFO - [2026-06-07T04:47:57.750+0000] {dag.py:3096} INFO - Sync 1 DAGs
[2026-06-07T04:47:57.997+0000] {processor.py:183} INFO - Processing /opt/airflow/dags/cotacoes_dags.py took 0.367 seconds
[2026-06-07T04:48:28.227+0000] {processor.py:161} INFO - Started process (PID=206) to work on /opt/airflow/dags/cotacoes_dags.py
[2026-06-07T04:48:28.231+0000] {processor.py:830} INFO - Processing file /opt/airflow/dags/cotacoes_dags.py for tasks to queue
[2026-06-07T04:48:28.242+0000] {logging_mixin.py:188} INFO - [2026-06-07T04:48:28.239+0000] {dagbag.py:545} INFO - Filling up the DagBag from /opt/airflow/dags/cotacoes_dags.py
[2026-06-07T04:48:28.299+0000] {processor.py:840} INFO - DAG(s) 'etl_cotacoes_moedas' retrieved from /opt/airflow/dags/cotacoes_dags.py
[2026-06-07T04:48:28.363+0000] {logging_mixin.py:188} INFO - [2026-06-07T04:48:28.363+0000] {dag.py:3096} INFO - Sync 1 DAGs
[2026-06-07T04:48:28.647+0000] {processor.py:183} INFO - Processing /opt/airflow/dags/cotacoes_dags.py took 0.446 seconds
[2026-06-07T04:48:59.032+0000] {processor.py:161} INFO - Started process (PID=211) to work on /opt/airflow/dags/cotacoes_dags.py
[2026-06-07T04:48:59.034+0000] {processor.py:830} INFO - Processing file /opt/airflow/dags/cotacoes_dags.py for tasks to queue
[2026-06-07T04:48:59.038+0000] {logging_mixin.py:188} INFO - [2026-06-07T04:48:59.037+0000] {dagbag.py:545} INFO - Filling up the DagBag from /opt/airflow/dags/cotacoes_dags.py
[2026-06-07T04:48:59.083+0000] {processor.py:840} INFO - DAG(s) 'etl_cotacoes_moedas' retrieved from /opt/airflow/dags/cotacoes_dags.py
[2026-06-07T04:48:59.325+0000] {logging_mixin.py:188} INFO - [2026-06-07T04:48:59.325+0000] {dag.py:3096} INFO - Sync 1 DAGs
[2026-06-07T04:48:59.405+0000] {processor.py:183} INFO - Processing /opt/airflow/dags/cotacoes_dags.py took 0.385 seconds
[2026-06-07T04:49:30.043+0000] {processor.py:161} INFO - Started process (PID=216) to work on /opt/airflow/dags/cotacoes_dags.py
[2026-06-07T04:49:30.045+0000] {processor.py:830} INFO - Processing file /opt/airflow/dags/cotacoes_dags.py for tasks to queue
[2026-06-07T04:49:30.052+0000] {logging_mixin.py:188} INFO - [2026-06-07T04:49:30.051+0000] {dagbag.py:545} INFO - Filling up the DagBag from /opt/airflow/dags/cotacoes_dags.py
[2026-06-07T04:49:30.114+0000] {processor.py:840} INFO - DAG(s) 'etl_cotacoes_moedas' retrieved from /opt/airflow/dags/cotacoes_dags.py
[2026-06-07T04:49:30.194+0000] {logging_mixin.py:188} INFO - [2026-06-07T04:49:30.193+0000] {dag.py:3096} INFO - Sync 1 DAGs
[2026-06-07T04:49:30.291+0000] {processor.py:183} INFO - Processing /opt/airflow/dags/cotacoes_dags.py took 0.260 seconds
[2026-06-07T04:50:00.784+0000] {processor.py:161} INFO - Started process (PID=221) to work on /opt/airflow/dags/cotacoes_dags.py
[2026-06-07T04:50:00.787+0000] {processor.py:830} INFO - Processing file /opt/airflow/dags/cotacoes_dags.py for tasks to queue
[2026-06-07T04:50:00.792+0000] {logging_mixin.py:188} INFO - [2026-06-07T04:50:00.791+0000] {dagbag.py:545} INFO - Filling up the DagBag from /opt/airflow/dags/cotacoes_dags.py
[2026-06-07T04:50:00.853+0000] {processor.py:840} INFO - DAG(s) 'etl_cotacoes_moedas' retrieved from /opt/airflow/dags/cotacoes_dags.py
[2026-06-07T04:50:00.907+0000] {logging_mixin.py:188} INFO - [2026-06-07T04:50:00.907+0000] {dag.py:3096} INFO - Sync 1 DAGs
[2026-06-07T04:50:00.959+0000] {processor.py:183} INFO - Processing /opt/airflow/dags/cotacoes_dags.py took 0.189 seconds
[2026-06-07T04:50:31.158+0000] {processor.py:161} INFO - Started process (PID=226) to work on /opt/airflow/dags/cotacoes_dags.py
[2026-06-07T04:50:31.161+0000] {processor.py:830} INFO - Processing file /opt/airflow/dags/cotacoes_dags.py for tasks to queue
[2026-06-07T04:50:31.167+0000] {logging_mixin.py:188} INFO - [2026-06-07T04:50:31.166+0000] {dagbag.py:545} INFO - Filling up the DagBag from /opt/airflow/dags/cotacoes_dags.py
[2026-06-07T04:50:31.242+0000] {processor.py:840} INFO - DAG(s) 'etl_cotacoes_moedas' retrieved from /opt/airflow/dags/cotacoes_dags.py
[2026-06-07T04:50:31.305+0000] {logging_mixin.py:188} INFO - [2026-06-07T04:50:31.304+0000] {dag.py:3096} INFO - Sync 1 DAGs
[2026-06-07T04:50:31.431+0000] {processor.py:183} INFO - Processing /opt/airflow/dags/cotacoes_dags.py took 0.289 seconds
[2026-06-07T04:51:01.606+0000] {processor.py:161} INFO - Started process (PID=231) to work on /opt/airflow/dags/cotacoes_dags.py
[2026-06-07T04:51:01.608+0000] {processor.py:830} INFO - Processing file /opt/airflow/dags/cotacoes_dags.py for tasks to queue
[2026-06-07T04:51:01.611+0000] {logging_mixin.py:188} INFO - [2026-06-07T04:51:01.610+0000] {dagbag.py:545} INFO - Filling up the DagBag from /opt/airflow/dags/cotacoes_dags.py
[2026-06-07T04:51:01.656+0000] {processor.py:840} INFO - DAG(s) 'etl_cotacoes_moedas' retrieved from /opt/airflow/dags/cotacoes_dags.py
[2026-06-07T04:51:01.715+0000] {logging_mixin.py:188} INFO - [2026-06-07T04:51:01.715+0000] {dag.py:3096} INFO - Sync 1 DAGs
[2026-06-07T04:51:01.778+0000] {processor.py:183} INFO - Processing /opt/airflow/dags/cotacoes_dags.py took 0.184 seconds
[2026-06-07T04:51:32.182+0000] {processor.py:161} INFO - Started process (PID=236) to work on /opt/airflow/dags/cotacoes_dags.py
[2026-06-07T04:51:32.185+0000] {processor.py:830} INFO - Processing file /opt/airflow/dags/cotacoes_dags.py for tasks to queue
[2026-06-07T04:51:32.190+0000] {logging_mixin.py:188} INFO - [2026-06-07T04:51:32.189+0000] {dagbag.py:545} INFO - Filling up the DagBag from /opt/airflow/dags/cotacoes_dags.py
[2026-06-07T04:51:32.296+0000] {processor.py:840} INFO - DAG(s) 'etl_cotacoes_moedas' retrieved from /opt/airflow/dags/cotacoes_dags.py
[2026-06-07T04:51:32.377+0000] {logging_mixin.py:188} INFO - [2026-06-07T04:51:32.377+0000] {dag.py:3096} INFO - Sync 1 DAGs
[2026-06-07T04:51:32.444+0000] {processor.py:183} INFO - Processing /opt/airflow/dags/cotacoes_dags.py took 0.275 seconds
[2026-06-07T04:52:02.547+0000] {processor.py:161} INFO - Started process (PID=241) to work on /opt/airflow/dags/cotacoes_dags.py
[2026-06-07T04:52:02.549+0000] {processor.py:830} INFO - Processing file /opt/airflow/dags/cotacoes_dags.py for tasks to queue
[2026-06-07T04:52:02.552+0000] {logging_mixin.py:188} INFO - [2026-06-07T04:52:02.551+0000] {dagbag.py:545} INFO - Filling up the DagBag from /opt/airflow/dags/cotacoes_dags.py
[2026-06-07T04:52:02.625+0000] {processor.py:840} INFO - DAG(s) 'etl_cotacoes_moedas' retrieved from /opt/airflow/dags/cotacoes_dags.py
[2026-06-07T04:52:02.687+0000] {logging_mixin.py:188} INFO - [2026-06-07T04:52:02.687+0000] {dag.py:3096} INFO - Sync 1 DAGs
[2026-06-07T04:52:02.781+0000] {processor.py:183} INFO - Processing /opt/airflow/dags/cotacoes_dags.py took 0.248 seconds
[2026-06-07T04:52:33.157+0000] {processor.py:161} INFO - Started process (PID=246) to work on /opt/airflow/dags/cotacoes_dags.py
[2026-06-07T04:52:33.160+0000] {processor.py:830} INFO - Processing file /opt/airflow/dags/cotacoes_dags.py for tasks to queue
[2026-06-07T04:52:33.164+0000] {logging_mixin.py:188} INFO - [2026-06-07T04:52:33.163+0000] {dagbag.py:545} INFO - Filling up the DagBag from /opt/airflow/dags/cotacoes_dags.py
[2026-06-07T04:52:33.222+0000] {processor.py:840} INFO - DAG(s) 'etl_cotacoes_moedas' retrieved from /opt/airflow/dags/cotacoes_dags.py
[2026-06-07T04:52:33.291+0000] {logging_mixin.py:188} INFO - [2026-06-07T04:52:33.291+0000] {dag.py:3096} INFO - Sync 1 DAGs
[2026-06-07T04:52:33.367+0000] {processor.py:183} INFO - Processing /opt/airflow/dags/cotacoes_dags.py took 0.223 seconds
[2026-06-07T04:53:03.487+0000] {processor.py:161} INFO - Started process (PID=251) to work on /opt/airflow/dags/cotacoes_dags.py
[2026-06-07T04:53:03.490+0000] {processor.py:830} INFO - Processing file /opt/airflow/dags/cotacoes_dags.py for tasks to queue
[2026-06-07T04:53:03.497+0000] {logging_mixin.py:188} INFO - [2026-06-07T04:53:03.495+0000] {dagbag.py:545} INFO - Filling up the DagBag from /opt/airflow/dags/cotacoes_dags.py
[2026-06-07T04:53:03.571+0000] {processor.py:840} INFO - DAG(s) 'etl_cotacoes_moedas' retrieved from /opt/airflow/dags/cotacoes_dags.py
[2026-06-07T04:53:03.638+0000] {logging_mixin.py:188} INFO - [2026-06-07T04:53:03.638+0000] {dag.py:3096} INFO - Sync 1 DAGs
[2026-06-07T04:53:03.711+0000] {processor.py:183} INFO - Processing /opt/airflow/dags/cotacoes_dags.py took 0.240 seconds
[2026-06-07T04:53:34.062+0000] {processor.py:161} INFO - Started process (PID=256) to work on /opt/airflow/dags/cotacoes_dags.py
[2026-06-07T04:53:34.064+0000] {processor.py:830} INFO - Processing file /opt/airflow/dags/cotacoes_dags.py for tasks to queue
[2026-06-07T04:53:34.069+0000] {logging_mixin.py:188} INFO - [2026-06-07T04:53:34.069+0000] {dagbag.py:545} INFO - Filling up the DagBag from /opt/airflow/dags/cotacoes_dags.py
[2026-06-07T04:53:34.138+0000] {processor.py:840} INFO - DAG(s) 'etl_cotacoes_moedas' retrieved from /opt/airflow/dags/cotacoes_dags.py
[2026-06-07T04:53:34.192+0000] {logging_mixin.py:188} INFO - [2026-06-07T04:53:34.191+0000] {dag.py:3096} INFO - Sync 1 DAGs
[2026-06-07T04:53:34.293+0000] {processor.py:183} INFO - Processing /opt/airflow/dags/cotacoes_dags.py took 0.243 seconds
[2026-06-07T04:54:04.439+0000] {processor.py:161} INFO - Started process (PID=264) to work on /opt/airflow/dags/cotacoes_dags.py
[2026-06-07T04:54:04.443+0000] {processor.py:830} INFO - Processing file /opt/airflow/dags/cotacoes_dags.py for tasks to queue
[2026-06-07T04:54:04.452+0000] {logging_mixin.py:188} INFO - [2026-06-07T04:54:04.451+0000] {dagbag.py:545} INFO - Filling up the DagBag from /opt/airflow/dags/cotacoes_dags.py
[2026-06-07T04:54:04.543+0000] {processor.py:840} INFO - DAG(s) 'etl_cotacoes_moedas' retrieved from /opt/airflow/dags/cotacoes_dags.py
[2026-06-07T04:54:04.682+0000] {logging_mixin.py:188} INFO - [2026-06-07T04:54:04.682+0000] {dag.py:3096} INFO - Sync 1 DAGs
[2026-06-07T04:54:04.830+0000] {processor.py:183} INFO - Processing /opt/airflow/dags/cotacoes_dags.py took 0.409 seconds
[2026-06-07T04:54:31.168+0000] {processor.py:161} INFO - Started process (PID=168) to work on /opt/airflow/dags/cotacoes_dags.py
[2026-06-07T04:54:31.172+0000] {processor.py:830} INFO - Processing file /opt/airflow/dags/cotacoes_dags.py for tasks to queue
[2026-06-07T04:54:31.179+0000] {logging_mixin.py:188} INFO - [2026-06-07T04:54:31.178+0000] {dagbag.py:545} INFO - Filling up the DagBag from /opt/airflow/dags/cotacoes_dags.py
[2026-06-07T04:54:31.259+0000] {processor.py:840} INFO - DAG(s) 'etl_cotacoes_moedas' retrieved from /opt/airflow/dags/cotacoes_dags.py
[2026-06-07T04:54:31.377+0000] {logging_mixin.py:188} INFO - [2026-06-07T04:54:31.377+0000] {dag.py:3096} INFO - Sync 1 DAGs
[2026-06-07T04:54:31.460+0000] {processor.py:183} INFO - Processing /opt/airflow/dags/cotacoes_dags.py took 0.308 seconds
[2026-06-07T04:55:01.584+0000] {processor.py:161} INFO - Started process (PID=176) to work on /opt/airflow/dags/cotacoes_dags.py
[2026-06-07T04:55:01.586+0000] {processor.py:830} INFO - Processing file /opt/airflow/dags/cotacoes_dags.py for tasks to queue
[2026-06-07T04:55:01.588+0000] {logging_mixin.py:188} INFO - [2026-06-07T04:55:01.588+0000] {dagbag.py:545} INFO - Filling up the DagBag from /opt/airflow/dags/cotacoes_dags.py
[2026-06-07T04:55:01.641+0000] {processor.py:840} INFO - DAG(s) 'etl_cotacoes_moedas' retrieved from /opt/airflow/dags/cotacoes_dags.py
[2026-06-07T04:55:01.688+0000] {logging_mixin.py:188} INFO - [2026-06-07T04:55:01.687+0000] {dag.py:3096} INFO - Sync 1 DAGs
[2026-06-07T04:55:01.751+0000] {processor.py:183} INFO - Processing /opt/airflow/dags/cotacoes_dags.py took 0.173 seconds
[2026-06-07T04:55:31.920+0000] {processor.py:161} INFO - Started process (PID=181) to work on /opt/airflow/dags/cotacoes_dags.py
[2026-06-07T04:55:31.921+0000] {processor.py:830} INFO - Processing file /opt/airflow/dags/cotacoes_dags.py for tasks to queue
[2026-06-07T04:55:31.924+0000] {logging_mixin.py:188} INFO - [2026-06-07T04:55:31.923+0000] {dagbag.py:545} INFO - Filling up the DagBag from /opt/airflow/dags/cotacoes_dags.py
[2026-06-07T04:55:31.960+0000] {processor.py:840} INFO - DAG(s) 'etl_cotacoes_moedas' retrieved from /opt/airflow/dags/cotacoes_dags.py
[2026-06-07T04:55:32.005+0000] {logging_mixin.py:188} INFO - [2026-06-07T04:55:32.005+0000] {dag.py:3096} INFO - Sync 1 DAGs
[2026-06-07T04:55:32.075+0000] {processor.py:183} INFO - Processing /opt/airflow/dags/cotacoes_dags.py took 0.161 seconds
[2026-06-07T04:56:03.406+0000] {processor.py:161} INFO - Started process (PID=168) to work on /opt/airflow/dags/cotacoes_dags.py
[2026-06-07T04:56:03.407+0000] {processor.py:830} INFO - Processing file /opt/airflow/dags/cotacoes_dags.py for tasks to queue
[2026-06-07T04:56:03.410+0000] {logging_mixin.py:188} INFO - [2026-06-07T04:56:03.410+0000] {dagbag.py:545} INFO - Filling up the DagBag from /opt/airflow/dags/cotacoes_dags.py
[2026-06-07T04:56:03.452+0000] {processor.py:840} INFO - DAG(s) 'etl_cotacoes_moedas' retrieved from /opt/airflow/dags/cotacoes_dags.py
[2026-06-07T04:56:03.535+0000] {logging_mixin.py:188} INFO - [2026-06-07T04:56:03.535+0000] {dag.py:3096} INFO - Sync 1 DAGs
[2026-06-07T04:56:03.624+0000] {processor.py:183} INFO - Processing /opt/airflow/dags/cotacoes_dags.py took 0.224 seconds
[2026-06-07T04:56:33.817+0000] {processor.py:161} INFO - Started process (PID=173) to work on /opt/airflow/dags/cotacoes_dags.py
[2026-06-07T04:56:33.819+0000] {processor.py:830} INFO - Processing file /opt/airflow/dags/cotacoes_dags.py for tasks to queue
[2026-06-07T04:56:33.823+0000] {logging_mixin.py:188} INFO - [2026-06-07T04:56:33.823+0000] {dagbag.py:545} INFO - Filling up the DagBag from /opt/airflow/dags/cotacoes_dags.py
[2026-06-07T04:56:33.870+0000] {processor.py:840} INFO - DAG(s) 'etl_cotacoes_moedas' retrieved from /opt/airflow/dags/cotacoes_dags.py
[2026-06-07T04:56:33.925+0000] {logging_mixin.py:188} INFO - [2026-06-07T04:56:33.925+0000] {dag.py:3096} INFO - Sync 1 DAGs
[2026-06-07T04:56:33.988+0000] {processor.py:183} INFO - Processing /opt/airflow/dags/cotacoes_dags.py took 0.185 seconds
[2026-06-07T04:57:04.314+0000] {processor.py:161} INFO - Started process (PID=178) to work on /opt/airflow/dags/cotacoes_dags.py
[2026-06-07T04:57:04.316+0000] {processor.py:830} INFO - Processing file /opt/airflow/dags/cotacoes_dags.py for tasks to queue
[2026-06-07T04:57:04.322+0000] {logging_mixin.py:188} INFO - [2026-06-07T04:57:04.321+0000] {dagbag.py:545} INFO - Filling up the DagBag from /opt/airflow/dags/cotacoes_dags.py
[2026-06-07T04:57:04.388+0000] {processor.py:840} INFO - DAG(s) 'etl_cotacoes_moedas' retrieved from /opt/airflow/dags/cotacoes_dags.py
[2026-06-07T04:57:04.440+0000] {logging_mixin.py:188} INFO - [2026-06-07T04:57:04.440+0000] {dag.py:3096} INFO - Sync 1 DAGs
[2026-06-07T04:57:04.509+0000] {processor.py:183} INFO - Processing /opt/airflow/dags/cotacoes_dags.py took 0.210 seconds
[2026-06-07T04:57:34.709+0000] {processor.py:161} INFO - Started process (PID=200) to work on /opt/airflow/dags/cotacoes_dags.py
[2026-06-07T04:57:34.714+0000] {processor.py:830} INFO - Processing file /opt/airflow/dags/cotacoes_dags.py for tasks to queue
[2026-06-07T04:57:34.729+0000] {logging_mixin.py:188} INFO - [2026-06-07T04:57:34.727+0000] {dagbag.py:545} INFO - Filling up the DagBag from /opt/airflow/dags/cotacoes_dags.py
[2026-06-07T04:57:34.850+0000] {processor.py:840} INFO - DAG(s) 'etl_cotacoes_moedas' retrieved from /opt/airflow/dags/cotacoes_dags.py
[2026-06-07T04:57:34.943+0000] {logging_mixin.py:188} INFO - [2026-06-07T04:57:34.943+0000] {dag.py:3096} INFO - Sync 1 DAGs
[2026-06-07T04:57:35.009+0000] {processor.py:183} INFO - Processing /opt/airflow/dags/cotacoes_dags.py took 0.310 seconds
[2026-06-07T04:58:05.227+0000] {processor.py:161} INFO - Started process (PID=213) to work on /opt/airflow/dags/cotacoes_dags.py
[2026-06-07T04:58:05.228+0000] {processor.py:830} INFO - Processing file /opt/airflow/dags/cotacoes_dags.py for tasks to queue
[2026-06-07T04:58:05.229+0000] {logging_mixin.py:188} INFO - [2026-06-07T04:58:05.229+0000] {dagbag.py:545} INFO - Filling up the DagBag from /opt/airflow/dags/cotacoes_dags.py
[2026-06-07T04:58:05.266+0000] {processor.py:840} INFO - DAG(s) 'etl_cotacoes_moedas' retrieved from /opt/airflow/dags/cotacoes_dags.py
[2026-06-07T04:58:05.298+0000] {logging_mixin.py:188} INFO - [2026-06-07T04:58:05.298+0000] {dag.py:3096} INFO - Sync 1 DAGs
[2026-06-07T04:58:05.325+0000] {logging_mixin.py:188} INFO - [2026-06-07T04:58:05.325+0000] {dag.py:3954} INFO - Setting next_dagrun for etl_cotacoes_moedas to 2026-06-07 00:00:00+00:00, run_after=2026-06-08 00:00:00+00:00
[2026-06-07T04:58:05.372+0000] {processor.py:183} INFO - Processing /opt/airflow/dags/cotacoes_dags.py took 0.151 seconds
[2026-06-07T04:58:35.715+0000] {processor.py:161} INFO - Started process (PID=218) to work on /opt/airflow/dags/cotacoes_dags.py
[2026-06-07T04:58:35.717+0000] {processor.py:830} INFO - Processing file /opt/airflow/dags/cotacoes_dags.py for tasks to queue
[2026-06-07T04:58:35.720+0000] {logging_mixin.py:188} INFO - [2026-06-07T04:58:35.720+0000] {dagbag.py:545} INFO - Filling up the DagBag from /opt/airflow/dags/cotacoes_dags.py
[2026-06-07T04:58:35.768+0000] {processor.py:840} INFO - DAG(s) 'etl_cotacoes_moedas' retrieved from /opt/airflow/dags/cotacoes_dags.py
[2026-06-07T04:58:35.822+0000] {logging_mixin.py:188} INFO - [2026-06-07T04:58:35.822+0000] {dag.py:3096} INFO - Sync 1 DAGs
[2026-06-07T04:58:35.847+0000] {logging_mixin.py:188} INFO - [2026-06-07T04:58:35.847+0000] {dag.py:3954} INFO - Setting next_dagrun for etl_cotacoes_moedas to 2026-06-07 00:00:00+00:00, run_after=2026-06-08 00:00:00+00:00
[2026-06-07T04:58:35.899+0000] {processor.py:183} INFO - Processing /opt/airflow/dags/cotacoes_dags.py took 0.193 seconds
[2026-06-07T04:59:06.095+0000] {processor.py:161} INFO - Started process (PID=223) to work on /opt/airflow/dags/cotacoes_dags.py
[2026-06-07T04:59:06.097+0000] {processor.py:830} INFO - Processing file /opt/airflow/dags/cotacoes_dags.py for tasks to queue
[2026-06-07T04:59:06.102+0000] {logging_mixin.py:188} INFO - [2026-06-07T04:59:06.101+0000] {dagbag.py:545} INFO - Filling up the DagBag from /opt/airflow/dags/cotacoes_dags.py
[2026-06-07T04:59:06.155+0000] {processor.py:840} INFO - DAG(s) 'etl_cotacoes_moedas' retrieved from /opt/airflow/dags/cotacoes_dags.py
[2026-06-07T04:59:06.221+0000] {logging_mixin.py:188} INFO - [2026-06-07T04:59:06.220+0000] {dag.py:3096} INFO - Sync 1 DAGs
[2026-06-07T04:59:06.253+0000] {logging_mixin.py:188} INFO - [2026-06-07T04:59:06.252+0000] {dag.py:3954} INFO - Setting next_dagrun for etl_cotacoes_moedas to 2026-06-07 00:00:00+00:00, run_after=2026-06-08 00:00:00+00:00
[2026-06-07T04:59:06.305+0000] {processor.py:183} INFO - Processing /opt/airflow/dags/cotacoes_dags.py took 0.225 seconds
[2026-06-07T04:59:36.665+0000] {processor.py:161} INFO - Started process (PID=228) to work on /opt/airflow/dags/cotacoes_dags.py
[2026-06-07T04:59:36.667+0000] {processor.py:830} INFO - Processing file /opt/airflow/dags/cotacoes_dags.py for tasks to queue
[2026-06-07T04:59:36.671+0000] {logging_mixin.py:188} INFO - [2026-06-07T04:59:36.670+0000] {dagbag.py:545} INFO - Filling up the DagBag from /opt/airflow/dags/cotacoes_dags.py
[2026-06-07T04:59:36.724+0000] {processor.py:840} INFO - DAG(s) 'etl_cotacoes_moedas' retrieved from /opt/airflow/dags/cotacoes_dags.py
[2026-06-07T04:59:36.779+0000] {logging_mixin.py:188} INFO - [2026-06-07T04:59:36.779+0000] {dag.py:3096} INFO - Sync 1 DAGs
[2026-06-07T04:59:36.980+0000] {logging_mixin.py:188} INFO - [2026-06-07T04:59:36.980+0000] {dag.py:3954} INFO - Setting next_dagrun for etl_cotacoes_moedas to 2026-06-07 00:00:00+00:00, run_after=2026-06-08 00:00:00+00:00
[2026-06-07T04:59:36.996+0000] {processor.py:183} INFO - Processing /opt/airflow/dags/cotacoes_dags.py took 0.341 seconds
[2026-06-07T05:00:07.454+0000] {processor.py:161} INFO - Started process (PID=233) to work on /opt/airflow/dags/cotacoes_dags.py
[2026-06-07T05:00:07.456+0000] {processor.py:830} INFO - Processing file /opt/airflow/dags/cotacoes_dags.py for tasks to queue
[2026-06-07T05:00:07.461+0000] {logging_mixin.py:188} INFO - [2026-06-07T05:00:07.460+0000] {dagbag.py:545} INFO - Filling up the DagBag from /opt/airflow/dags/cotacoes_dags.py
[2026-06-07T05:00:07.499+0000] {processor.py:840} INFO - DAG(s) 'etl_cotacoes_moedas' retrieved from /opt/airflow/dags/cotacoes_dags.py
[2026-06-07T05:00:07.733+0000] {logging_mixin.py:188} INFO - [2026-06-07T05:00:07.732+0000] {dag.py:3096} INFO - Sync 1 DAGs
[2026-06-07T05:00:07.774+0000] {logging_mixin.py:188} INFO - [2026-06-07T05:00:07.773+0000] {dag.py:3954} INFO - Setting next_dagrun for etl_cotacoes_moedas to 2026-06-07 00:00:00+00:00, run_after=2026-06-08 00:00:00+00:00
[2026-06-07T05:00:07.832+0000] {processor.py:183} INFO - Processing /opt/airflow/dags/cotacoes_dags.py took 0.384 seconds
[2026-06-07T05:00:38.398+0000] {processor.py:161} INFO - Started process (PID=238) to work on /opt/airflow/dags/cotacoes_dags.py
[2026-06-07T05:00:38.400+0000] {processor.py:830} INFO - Processing file /opt/airflow/dags/cotacoes_dags.py for tasks to queue
[2026-06-07T05:00:38.404+0000] {logging_mixin.py:188} INFO - [2026-06-07T05:00:38.403+0000] {dagbag.py:545} INFO - Filling up the DagBag from /opt/airflow/dags/cotacoes_dags.py
[2026-06-07T05:00:38.448+0000] {processor.py:840} INFO - DAG(s) 'etl_cotacoes_moedas' retrieved from /opt/airflow/dags/cotacoes_dags.py
[2026-06-07T05:00:38.494+0000] {logging_mixin.py:188} INFO - [2026-06-07T05:00:38.494+0000] {dag.py:3096} INFO - Sync 1 DAGs
[2026-06-07T05:00:38.529+0000] {logging_mixin.py:188} INFO - [2026-06-07T05:00:38.529+0000] {dag.py:3954} INFO - Setting next_dagrun for etl_cotacoes_moedas to 2026-06-07 00:00:00+00:00, run_after=2026-06-08 00:00:00+00:00
[2026-06-07T05:00:38.583+0000] {processor.py:183} INFO - Processing /opt/airflow/dags/cotacoes_dags.py took 0.198 seconds
[2026-06-07T05:01:08.793+0000] {processor.py:161} INFO - Started process (PID=243) to work on /opt/airflow/dags/cotacoes_dags.py
[2026-06-07T05:01:08.797+0000] {processor.py:830} INFO - Processing file /opt/airflow/dags/cotacoes_dags.py for tasks to queue
[2026-06-07T05:01:08.803+0000] {logging_mixin.py:188} INFO - [2026-06-07T05:01:08.802+0000] {dagbag.py:545} INFO - Filling up the DagBag from /opt/airflow/dags/cotacoes_dags.py
[2026-06-07T05:01:08.882+0000] {processor.py:840} INFO - DAG(s) 'etl_cotacoes_moedas' retrieved from /opt/airflow/dags/cotacoes_dags.py
[2026-06-07T05:01:08.997+0000] {logging_mixin.py:188} INFO - [2026-06-07T05:01:08.996+0000] {dag.py:3096} INFO - Sync 1 DAGs
[2026-06-07T05:01:09.038+0000] {logging_mixin.py:188} INFO - [2026-06-07T05:01:09.038+0000] {dag.py:3954} INFO - Setting next_dagrun for etl_cotacoes_moedas to 2026-06-07 00:00:00+00:00, run_after=2026-06-08 00:00:00+00:00
[2026-06-07T05:01:09.097+0000] {processor.py:183} INFO - Processing /opt/airflow/dags/cotacoes_dags.py took 0.322 seconds
[2026-06-07T05:01:39.254+0000] {processor.py:161} INFO - Started process (PID=248) to work on /opt/airflow/dags/cotacoes_dags.py
[2026-06-07T05:01:39.256+0000] {processor.py:830} INFO - Processing file /opt/airflow/dags/cotacoes_dags.py for tasks to queue
[2026-06-07T05:01:39.260+0000] {logging_mixin.py:188} INFO - [2026-06-07T05:01:39.260+0000] {dagbag.py:545} INFO - Filling up the DagBag from /opt/airflow/dags/cotacoes_dags.py
[2026-06-07T05:01:39.330+0000] {processor.py:840} INFO - DAG(s) 'etl_cotacoes_moedas' retrieved from /opt/airflow/dags/cotacoes_dags.py
[2026-06-07T05:01:39.379+0000] {logging_mixin.py:188} INFO - [2026-06-07T05:01:39.379+0000] {dag.py:3096} INFO - Sync 1 DAGs
[2026-06-07T05:01:39.411+0000] {logging_mixin.py:188} INFO - [2026-06-07T05:01:39.411+0000] {dag.py:3954} INFO - Setting next_dagrun for etl_cotacoes_moedas to 2026-06-07 00:00:00+00:00, run_after=2026-06-08 00:00:00+00:00
[2026-06-07T05:01:39.461+0000] {processor.py:183} INFO - Processing /opt/airflow/dags/cotacoes_dags.py took 0.217 seconds
[2026-06-07T05:02:09.797+0000] {processor.py:161} INFO - Started process (PID=253) to work on /opt/airflow/dags/cotacoes_dags.py
[2026-06-07T05:02:09.801+0000] {processor.py:830} INFO - Processing file /opt/airflow/dags/cotacoes_dags.py for tasks to queue
[2026-06-07T05:02:09.808+0000] {logging_mixin.py:188} INFO - [2026-06-07T05:02:09.806+0000] {dagbag.py:545} INFO - Filling up the DagBag from /opt/airflow/dags/cotacoes_dags.py
[2026-06-07T05:02:09.897+0000] {processor.py:840} INFO - DAG(s) 'etl_cotacoes_moedas' retrieved from /opt/airflow/dags/cotacoes_dags.py
[2026-06-07T05:02:10.010+0000] {logging_mixin.py:188} INFO - [2026-06-07T05:02:10.009+0000] {dag.py:3096} INFO - Sync 1 DAGs
[2026-06-07T05:02:10.085+0000] {logging_mixin.py:188} INFO - [2026-06-07T05:02:10.085+0000] {dag.py:3954} INFO - Setting next_dagrun for etl_cotacoes_moedas to 2026-06-07 00:00:00+00:00, run_after=2026-06-08 00:00:00+00:00
[2026-06-07T05:02:10.168+0000] {processor.py:183} INFO - Processing /opt/airflow/dags/cotacoes_dags.py took 0.390 seconds
[2026-06-07T05:02:40.673+0000] {processor.py:161} INFO - Started process (PID=258) to work on /opt/airflow/dags/cotacoes_dags.py
[2026-06-07T05:02:40.675+0000] {processor.py:830} INFO - Processing file /opt/airflow/dags/cotacoes_dags.py for tasks to queue
[2026-06-07T05:02:40.678+0000] {logging_mixin.py:188} INFO - [2026-06-07T05:02:40.678+0000] {dagbag.py:545} INFO - Filling up the DagBag from /opt/airflow/dags/cotacoes_dags.py
[2026-06-07T05:02:40.721+0000] {processor.py:840} INFO - DAG(s) 'etl_cotacoes_moedas' retrieved from /opt/airflow/dags/cotacoes_dags.py
[2026-06-07T05:02:40.761+0000] {logging_mixin.py:188} INFO - [2026-06-07T05:02:40.760+0000] {dag.py:3096} INFO - Sync 1 DAGs
[2026-06-07T05:02:40.783+0000] {logging_mixin.py:188} INFO - [2026-06-07T05:02:40.783+0000] {dag.py:3954} INFO - Setting next_dagrun for etl_cotacoes_moedas to 2026-06-07 00:00:00+00:00, run_after=2026-06-08 00:00:00+00:00
[2026-06-07T05:02:40.801+0000] {processor.py:183} INFO - Processing /opt/airflow/dags/cotacoes_dags.py took 0.138 seconds
[2026-06-07T05:03:11.000+0000] {processor.py:161} INFO - Started process (PID=263) to work on /opt/airflow/dags/cotacoes_dags.py
[2026-06-07T05:03:11.002+0000] {processor.py:830} INFO - Processing file /opt/airflow/dags/cotacoes_dags.py for tasks to queue
[2026-06-07T05:03:11.005+0000] {logging_mixin.py:188} INFO - [2026-06-07T05:03:11.005+0000] {dagbag.py:545} INFO - Filling up the DagBag from /opt/airflow/dags/cotacoes_dags.py
[2026-06-07T05:03:11.049+0000] {processor.py:840} INFO - DAG(s) 'etl_cotacoes_moedas' retrieved from /opt/airflow/dags/cotacoes_dags.py
[2026-06-07T05:03:11.102+0000] {logging_mixin.py:188} INFO - [2026-06-07T05:03:11.101+0000] {dag.py:3096} INFO - Sync 1 DAGs
[2026-06-07T05:03:11.129+0000] {logging_mixin.py:188} INFO - [2026-06-07T05:03:11.129+0000] {dag.py:3954} INFO - Setting next_dagrun for etl_cotacoes_moedas to 2026-06-07 00:00:00+00:00, run_after=2026-06-08 00:00:00+00:00
[2026-06-07T05:03:11.147+0000] {processor.py:183} INFO - Processing /opt/airflow/dags/cotacoes_dags.py took 0.157 seconds
[2026-06-07T05:03:41.452+0000] {processor.py:161} INFO - Started process (PID=268) to work on /opt/airflow/dags/cotacoes_dags.py
[2026-06-07T05:03:41.454+0000] {processor.py:830} INFO - Processing file /opt/airflow/dags/cotacoes_dags.py for tasks to queue
[2026-06-07T05:03:41.458+0000] {logging_mixin.py:188} INFO - [2026-06-07T05:03:41.457+0000] {dagbag.py:545} INFO - Filling up the DagBag from /opt/airflow/dags/cotacoes_dags.py
[2026-06-07T05:03:41.497+0000] {processor.py:840} INFO - DAG(s) 'etl_cotacoes_moedas' retrieved from /opt/airflow/dags/cotacoes_dags.py
[2026-06-07T05:03:41.550+0000] {logging_mixin.py:188} INFO - [2026-06-07T05:03:41.550+0000] {dag.py:3096} INFO - Sync 1 DAGs
[2026-06-07T05:03:41.574+0000] {logging_mixin.py:188} INFO - [2026-06-07T05:03:41.574+0000] {dag.py:3954} INFO - Setting next_dagrun for etl_cotacoes_moedas to 2026-06-07 00:00:00+00:00, run_after=2026-06-08 00:00:00+00:00
[2026-06-07T05:03:41.626+0000] {processor.py:183} INFO - Processing /opt/airflow/dags/cotacoes_dags.py took 0.182 seconds
[2026-06-07T05:04:11.808+0000] {processor.py:161} INFO - Started process (PID=273) to work on /opt/airflow/dags/cotacoes_dags.py
[2026-06-07T05:04:11.810+0000] {processor.py:830} INFO - Processing file /opt/airflow/dags/cotacoes_dags.py for tasks to queue
[2026-06-07T05:04:11.814+0000] {logging_mixin.py:188} INFO - [2026-06-07T05:04:11.813+0000] {dagbag.py:545} INFO - Filling up the DagBag from /opt/airflow/dags/cotacoes_dags.py
[2026-06-07T05:04:11.855+0000] {processor.py:840} INFO - DAG(s) 'etl_cotacoes_moedas' retrieved from /opt/airflow/dags/cotacoes_dags.py
[2026-06-07T05:04:11.906+0000] {logging_mixin.py:188} INFO - [2026-06-07T05:04:11.905+0000] {dag.py:3096} INFO - Sync 1 DAGs
[2026-06-07T05:04:11.926+0000] {logging_mixin.py:188} INFO - [2026-06-07T05:04:11.926+0000] {dag.py:3954} INFO - Setting next_dagrun for etl_cotacoes_moedas to 2026-06-07 00:00:00+00:00, run_after=2026-06-08 00:00:00+00:00
[2026-06-07T05:04:11.964+0000] {processor.py:183} INFO - Processing /opt/airflow/dags/cotacoes_dags.py took 0.161 seconds
[2026-06-07T05:04:42.394+0000] {processor.py:161} INFO - Started process (PID=278) to work on /opt/airflow/dags/cotacoes_dags.py
[2026-06-07T05:04:42.396+0000] {processor.py:830} INFO - Processing file /opt/airflow/dags/cotacoes_dags.py for tasks to queue
[2026-06-07T05:04:42.399+0000] {logging_mixin.py:188} INFO - [2026-06-07T05:04:42.399+0000] {dagbag.py:545} INFO - Filling up the DagBag from /opt/airflow/dags/cotacoes_dags.py
[2026-06-07T05:04:42.428+0000] {processor.py:840} INFO - DAG(s) 'etl_cotacoes_moedas' retrieved from /opt/airflow/dags/cotacoes_dags.py
[2026-06-07T05:04:42.463+0000] {logging_mixin.py:188} INFO - [2026-06-07T05:04:42.462+0000] {dag.py:3096} INFO - Sync 1 DAGs
[2026-06-07T05:04:42.481+0000] {logging_mixin.py:188} INFO - [2026-06-07T05:04:42.481+0000] {dag.py:3954} INFO - Setting next_dagrun for etl_cotacoes_moedas to 2026-06-07 00:00:00+00:00, run_after=2026-06-08 00:00:00+00:00
[2026-06-07T05:04:42.500+0000] {processor.py:183} INFO - Processing /opt/airflow/dags/cotacoes_dags.py took 0.112 seconds
[2026-06-07T05:05:12.758+0000] {processor.py:161} INFO - Started process (PID=283) to work on /opt/airflow/dags/cotacoes_dags.py
[2026-06-07T05:05:12.762+0000] {processor.py:830} INFO - Processing file /opt/airflow/dags/cotacoes_dags.py for tasks to queue
[2026-06-07T05:05:12.767+0000] {logging_mixin.py:188} INFO - [2026-06-07T05:05:12.766+0000] {dagbag.py:545} INFO - Filling up the DagBag from /opt/airflow/dags/cotacoes_dags.py
[2026-06-07T05:05:12.816+0000] {processor.py:840} INFO - DAG(s) 'etl_cotacoes_moedas' retrieved from /opt/airflow/dags/cotacoes_dags.py
[2026-06-07T05:05:12.865+0000] {logging_mixin.py:188} INFO - [2026-06-07T05:05:12.865+0000] {dag.py:3096} INFO - Sync 1 DAGs
[2026-06-07T05:05:12.899+0000] {logging_mixin.py:188} INFO - [2026-06-07T05:05:12.898+0000] {dag.py:3954} INFO - Setting next_dagrun for etl_cotacoes_moedas to 2026-06-07 00:00:00+00:00, run_after=2026-06-08 00:00:00+00:00
[2026-06-07T05:05:12.928+0000] {processor.py:183} INFO - Processing /opt/airflow/dags/cotacoes_dags.py took 0.181 seconds
[2026-06-07T05:05:43.212+0000] {processor.py:161} INFO - Started process (PID=288) to work on /opt/airflow/dags/cotacoes_dags.py
[2026-06-07T05:05:43.215+0000] {processor.py:830} INFO - Processing file /opt/airflow/dags/cotacoes_dags.py for tasks to queue
[2026-06-07T05:05:43.220+0000] {logging_mixin.py:188} INFO - [2026-06-07T05:05:43.219+0000] {dagbag.py:545} INFO - Filling up the DagBag from /opt/airflow/dags/cotacoes_dags.py
[2026-06-07T05:05:43.275+0000] {processor.py:840} INFO - DAG(s) 'etl_cotacoes_moedas' retrieved from /opt/airflow/dags/cotacoes_dags.py
[2026-06-07T05:05:43.320+0000] {logging_mixin.py:188} INFO - [2026-06-07T05:05:43.319+0000] {dag.py:3096} INFO - Sync 1 DAGs
[2026-06-07T05:05:43.341+0000] {logging_mixin.py:188} INFO - [2026-06-07T05:05:43.340+0000] {dag.py:3954} INFO - Setting next_dagrun for etl_cotacoes_moedas to 2026-06-07 00:00:00+00:00, run_after=2026-06-08 00:00:00+00:00
[2026-06-07T05:05:43.383+0000] {processor.py:183} INFO - Processing /opt/airflow/dags/cotacoes_dags.py took 0.184 seconds
[2026-06-07T05:06:13.657+0000] {processor.py:161} INFO - Started process (PID=293) to work on /opt/airflow/dags/cotacoes_dags.py
[2026-06-07T05:06:13.660+0000] {processor.py:830} INFO - Processing file /opt/airflow/dags/cotacoes_dags.py for tasks to queue
[2026-06-07T05:06:13.664+0000] {logging_mixin.py:188} INFO - [2026-06-07T05:06:13.663+0000] {dagbag.py:545} INFO - Filling up the DagBag from /opt/airflow/dags/cotacoes_dags.py
[2026-06-07T05:06:13.720+0000] {processor.py:840} INFO - DAG(s) 'etl_cotacoes_moedas' retrieved from /opt/airflow/dags/cotacoes_dags.py
[2026-06-07T05:06:13.770+0000] {logging_mixin.py:188} INFO - [2026-06-07T05:06:13.769+0000] {dag.py:3096} INFO - Sync 1 DAGs
[2026-06-07T05:06:13.795+0000] {logging_mixin.py:188} INFO - [2026-06-07T05:06:13.795+0000] {dag.py:3954} INFO - Setting next_dagrun for etl_cotacoes_moedas to 2026-06-07 00:00:00+00:00, run_after=2026-06-08 00:00:00+00:00
[2026-06-07T05:06:13.848+0000] {processor.py:183} INFO - Processing /opt/airflow/dags/cotacoes_dags.py took 0.202 seconds
[2026-06-07T05:06:44.117+0000] {processor.py:161} INFO - Started process (PID=298) to work on /opt/airflow/dags/cotacoes_dags.py
[2026-06-07T05:06:44.119+0000] {processor.py:830} INFO - Processing file /opt/airflow/dags/cotacoes_dags.py for tasks to queue
[2026-06-07T05:06:44.123+0000] {logging_mixin.py:188} INFO - [2026-06-07T05:06:44.122+0000] {dagbag.py:545} INFO - Filling up the DagBag from /opt/airflow/dags/cotacoes_dags.py
[2026-06-07T05:06:44.173+0000] {processor.py:840} INFO - DAG(s) 'etl_cotacoes_moedas' retrieved from /opt/airflow/dags/cotacoes_dags.py
[2026-06-07T05:06:44.239+0000] {logging_mixin.py:188} INFO - [2026-06-07T05:06:44.239+0000] {dag.py:3096} INFO - Sync 1 DAGs
[2026-06-07T05:06:44.277+0000] {logging_mixin.py:188} INFO - [2026-06-07T05:06:44.277+0000] {dag.py:3954} INFO - Setting next_dagrun for etl_cotacoes_moedas to 2026-06-07 00:00:00+00:00, run_after=2026-06-08 00:00:00+00:00
[2026-06-07T05:06:44.334+0000] {processor.py:183} INFO - Processing /opt/airflow/dags/cotacoes_dags.py took 0.227 seconds
[2026-06-07T05:07:14.545+0000] {processor.py:161} INFO - Started process (PID=303) to work on /opt/airflow/dags/cotacoes_dags.py
[2026-06-07T05:07:14.548+0000] {processor.py:830} INFO - Processing file /opt/airflow/dags/cotacoes_dags.py for tasks to queue
[2026-06-07T05:07:14.552+0000] {logging_mixin.py:188} INFO - [2026-06-07T05:07:14.551+0000] {dagbag.py:545} INFO - Filling up the DagBag from /opt/airflow/dags/cotacoes_dags.py
[2026-06-07T05:07:14.608+0000] {processor.py:840} INFO - DAG(s) 'etl_cotacoes_moedas' retrieved from /opt/airflow/dags/cotacoes_dags.py
[2026-06-07T05:07:14.672+0000] {logging_mixin.py:188} INFO - [2026-06-07T05:07:14.672+0000] {dag.py:3096} INFO - Sync 1 DAGs
[2026-06-07T05:07:14.697+0000] {logging_mixin.py:188} INFO - [2026-06-07T05:07:14.697+0000] {dag.py:3954} INFO - Setting next_dagrun for etl_cotacoes_moedas to 2026-06-07 00:00:00+00:00, run_after=2026-06-08 00:00:00+00:00
[2026-06-07T05:07:14.739+0000] {processor.py:183} INFO - Processing /opt/airflow/dags/cotacoes_dags.py took 0.207 seconds
[2026-06-07T05:07:45.045+0000] {processor.py:161} INFO - Started process (PID=308) to work on /opt/airflow/dags/cotacoes_dags.py
[2026-06-07T05:07:45.049+0000] {processor.py:830} INFO - Processing file /opt/airflow/dags/cotacoes_dags.py for tasks to queue
[2026-06-07T05:07:45.053+0000] {logging_mixin.py:188} INFO - [2026-06-07T05:07:45.053+0000] {dagbag.py:545} INFO - Filling up the DagBag from /opt/airflow/dags/cotacoes_dags.py
[2026-06-07T05:07:45.107+0000] {processor.py:840} INFO - DAG(s) 'etl_cotacoes_moedas' retrieved from /opt/airflow/dags/cotacoes_dags.py
[2026-06-07T05:07:45.159+0000] {logging_mixin.py:188} INFO - [2026-06-07T05:07:45.158+0000] {dag.py:3096} INFO - Sync 1 DAGs
[2026-06-07T05:07:45.185+0000] {logging_mixin.py:188} INFO - [2026-06-07T05:07:45.185+0000] {dag.py:3954} INFO - Setting next_dagrun for etl_cotacoes_moedas to 2026-06-07 00:00:00+00:00, run_after=2026-06-08 00:00:00+00:00
[2026-06-07T05:07:45.207+0000] {processor.py:183} INFO - Processing /opt/airflow/dags/cotacoes_dags.py took 0.174 seconds
[2026-06-07T05:08:15.428+0000] {processor.py:161} INFO - Started process (PID=313) to work on /opt/airflow/dags/cotacoes_dags.py
[2026-06-07T05:08:15.431+0000] {processor.py:830} INFO - Processing file /opt/airflow/dags/cotacoes_dags.py for tasks to queue
[2026-06-07T05:08:15.437+0000] {logging_mixin.py:188} INFO - [2026-06-07T05:08:15.436+0000] {dagbag.py:545} INFO - Filling up the DagBag from /opt/airflow/dags/cotacoes_dags.py
[2026-06-07T05:08:15.490+0000] {processor.py:840} INFO - DAG(s) 'etl_cotacoes_moedas' retrieved from /opt/airflow/dags/cotacoes_dags.py
[2026-06-07T05:08:15.555+0000] {logging_mixin.py:188} INFO - [2026-06-07T05:08:15.554+0000] {dag.py:3096} INFO - Sync 1 DAGs
[2026-06-07T05:08:15.588+0000] {logging_mixin.py:188} INFO - [2026-06-07T05:08:15.588+0000] {dag.py:3954} INFO - Setting next_dagrun for etl_cotacoes_moedas to 2026-06-07 00:00:00+00:00, run_after=2026-06-08 00:00:00+00:00
[2026-06-07T05:08:15.636+0000] {processor.py:183} INFO - Processing /opt/airflow/dags/cotacoes_dags.py took 0.222 seconds
[2026-06-07T05:08:45.906+0000] {processor.py:161} INFO - Started process (PID=318) to work on /opt/airflow/dags/cotacoes_dags.py
[2026-06-07T05:08:45.909+0000] {processor.py:830} INFO - Processing file /opt/airflow/dags/cotacoes_dags.py for tasks to queue
[2026-06-07T05:08:45.914+0000] {logging_mixin.py:188} INFO - [2026-06-07T05:08:45.913+0000] {dagbag.py:545} INFO - Filling up the DagBag from /opt/airflow/dags/cotacoes_dags.py
[2026-06-07T05:08:45.972+0000] {processor.py:840} INFO - DAG(s) 'etl_cotacoes_moedas' retrieved from /opt/airflow/dags/cotacoes_dags.py
[2026-06-07T05:08:46.024+0000] {logging_mixin.py:188} INFO - [2026-06-07T05:08:46.024+0000] {dag.py:3096} INFO - Sync 1 DAGs
[2026-06-07T05:08:46.055+0000] {logging_mixin.py:188} INFO - [2026-06-07T05:08:46.055+0000] {dag.py:3954} INFO - Setting next_dagrun for etl_cotacoes_moedas to 2026-06-07 00:00:00+00:00, run_after=2026-06-08 00:00:00+00:00
[2026-06-07T05:08:46.100+0000] {processor.py:183} INFO - Processing /opt/airflow/dags/cotacoes_dags.py took 0.209 seconds
[2026-06-07T05:09:16.319+0000] {processor.py:161} INFO - Started process (PID=323) to work on /opt/airflow/dags/cotacoes_dags.py
[2026-06-07T05:09:16.321+0000] {processor.py:830} INFO - Processing file /opt/airflow/dags/cotacoes_dags.py for tasks to queue
[2026-06-07T05:09:16.325+0000] {logging_mixin.py:188} INFO - [2026-06-07T05:09:16.325+0000] {dagbag.py:545} INFO - Filling up the DagBag from /opt/airflow/dags/cotacoes_dags.py
[2026-06-07T05:09:16.375+0000] {processor.py:840} INFO - DAG(s) 'etl_cotacoes_moedas' retrieved from /opt/airflow/dags/cotacoes_dags.py
[2026-06-07T05:09:16.429+0000] {logging_mixin.py:188} INFO - [2026-06-07T05:09:16.429+0000] {dag.py:3096} INFO - Sync 1 DAGs
[2026-06-07T05:09:16.451+0000] {logging_mixin.py:188} INFO - [2026-06-07T05:09:16.450+0000] {dag.py:3954} INFO - Setting next_dagrun for etl_cotacoes_moedas to 2026-06-07 00:00:00+00:00, run_after=2026-06-08 00:00:00+00:00
[2026-06-07T05:09:16.471+0000] {processor.py:183} INFO - Processing /opt/airflow/dags/cotacoes_dags.py took 0.163 seconds
[2026-06-07T05:09:46.823+0000] {processor.py:161} INFO - Started process (PID=328) to work on /opt/airflow/dags/cotacoes_dags.py
[2026-06-07T05:09:46.826+0000] {processor.py:830} INFO - Processing file /opt/airflow/dags/cotacoes_dags.py for tasks to queue
[2026-06-07T05:09:46.834+0000] {logging_mixin.py:188} INFO - [2026-06-07T05:09:46.833+0000] {dagbag.py:545} INFO - Filling up the DagBag from /opt/airflow/dags/cotacoes_dags.py
[2026-06-07T05:09:46.894+0000] {processor.py:840} INFO - DAG(s) 'etl_cotacoes_moedas' retrieved from /opt/airflow/dags/cotacoes_dags.py
[2026-06-07T05:09:46.952+0000] {logging_mixin.py:188} INFO - [2026-06-07T05:09:46.952+0000] {dag.py:3096} INFO - Sync 1 DAGs
[2026-06-07T05:09:46.980+0000] {logging_mixin.py:188} INFO - [2026-06-07T05:09:46.979+0000] {dag.py:3954} INFO - Setting next_dagrun for etl_cotacoes_moedas to 2026-06-07 00:00:00+00:00, run_after=2026-06-08 00:00:00+00:00
[2026-06-07T05:09:47.001+0000] {processor.py:183} INFO - Processing /opt/airflow/dags/cotacoes_dags.py took 0.189 seconds
[2026-06-07T05:10:17.187+0000] {processor.py:161} INFO - Started process (PID=333) to work on /opt/airflow/dags/cotacoes_dags.py
[2026-06-07T05:10:17.190+0000] {processor.py:830} INFO - Processing file /opt/airflow/dags/cotacoes_dags.py for tasks to queue
[2026-06-07T05:10:17.196+0000] {logging_mixin.py:188} INFO - [2026-06-07T05:10:17.194+0000] {dagbag.py:545} INFO - Filling up the DagBag from /opt/airflow/dags/cotacoes_dags.py
[2026-06-07T05:10:17.240+0000] {processor.py:840} INFO - DAG(s) 'etl_cotacoes_moedas' retrieved from /opt/airflow/dags/cotacoes_dags.py
[2026-06-07T05:10:17.305+0000] {logging_mixin.py:188} INFO - [2026-06-07T05:10:17.304+0000] {dag.py:3096} INFO - Sync 1 DAGs
[2026-06-07T05:10:17.336+0000] {logging_mixin.py:188} INFO - [2026-06-07T05:10:17.336+0000] {dag.py:3954} INFO - Setting next_dagrun for etl_cotacoes_moedas to 2026-06-07 00:00:00+00:00, run_after=2026-06-08 00:00:00+00:00
[2026-06-07T05:10:17.389+0000] {processor.py:183} INFO - Processing /opt/airflow/dags/cotacoes_dags.py took 0.216 seconds
[2026-06-07T05:10:47.652+0000] {processor.py:161} INFO - Started process (PID=338) to work on /opt/airflow/dags/cotacoes_dags.py
[2026-06-07T05:10:47.654+0000] {processor.py:830} INFO - Processing file /opt/airflow/dags/cotacoes_dags.py for tasks to queue
[2026-06-07T05:10:47.656+0000] {logging_mixin.py:188} INFO - [2026-06-07T05:10:47.655+0000] {dagbag.py:545} INFO - Filling up the DagBag from /opt/airflow/dags/cotacoes_dags.py
[2026-06-07T05:10:47.690+0000] {processor.py:840} INFO - DAG(s) 'etl_cotacoes_moedas' retrieved from /opt/airflow/dags/cotacoes_dags.py
[2026-06-07T05:10:47.730+0000] {logging_mixin.py:188} INFO - [2026-06-07T05:10:47.730+0000] {dag.py:3096} INFO - Sync 1 DAGs
[2026-06-07T05:10:47.756+0000] {logging_mixin.py:188} INFO - [2026-06-07T05:10:47.756+0000] {dag.py:3954} INFO - Setting next_dagrun for etl_cotacoes_moedas to 2026-06-07 00:00:00+00:00, run_after=2026-06-08 00:00:00+00:00
[2026-06-07T05:10:47.800+0000] {processor.py:183} INFO - Processing /opt/airflow/dags/cotacoes_dags.py took 0.153 seconds
[2026-06-07T05:11:18.156+0000] {processor.py:161} INFO - Started process (PID=343) to work on /opt/airflow/dags/cotacoes_dags.py
[2026-06-07T05:11:18.159+0000] {processor.py:830} INFO - Processing file /opt/airflow/dags/cotacoes_dags.py for tasks to queue
[2026-06-07T05:11:18.163+0000] {logging_mixin.py:188} INFO - [2026-06-07T05:11:18.162+0000] {dagbag.py:545} INFO - Filling up the DagBag from /opt/airflow/dags/cotacoes_dags.py
[2026-06-07T05:11:18.220+0000] {processor.py:840} INFO - DAG(s) 'etl_cotacoes_moedas' retrieved from /opt/airflow/dags/cotacoes_dags.py
[2026-06-07T05:11:18.274+0000] {logging_mixin.py:188} INFO - [2026-06-07T05:11:18.273+0000] {dag.py:3096} INFO - Sync 1 DAGs
[2026-06-07T05:11:18.303+0000] {logging_mixin.py:188} INFO - [2026-06-07T05:11:18.303+0000] {dag.py:3954} INFO - Setting next_dagrun for etl_cotacoes_moedas to 2026-06-07 00:00:00+00:00, run_after=2026-06-08 00:00:00+00:00
[2026-06-07T05:11:18.348+0000] {processor.py:183} INFO - Processing /opt/airflow/dags/cotacoes_dags.py took 0.202 seconds
[2026-06-07T05:11:48.564+0000] {processor.py:161} INFO - Started process (PID=348) to work on /opt/airflow/dags/cotacoes_dags.py
[2026-06-07T05:11:48.567+0000] {processor.py:830} INFO - Processing file /opt/airflow/dags/cotacoes_dags.py for tasks to queue
[2026-06-07T05:11:48.570+0000] {logging_mixin.py:188} INFO - [2026-06-07T05:11:48.569+0000] {dagbag.py:545} INFO - Filling up the DagBag from /opt/airflow/dags/cotacoes_dags.py
[2026-06-07T05:11:48.626+0000] {processor.py:840} INFO - DAG(s) 'etl_cotacoes_moedas' retrieved from /opt/airflow/dags/cotacoes_dags.py
[2026-06-07T05:11:48.680+0000] {logging_mixin.py:188} INFO - [2026-06-07T05:11:48.680+0000] {dag.py:3096} INFO - Sync 1 DAGs
[2026-06-07T05:11:48.709+0000] {logging_mixin.py:188} INFO - [2026-06-07T05:11:48.709+0000] {dag.py:3954} INFO - Setting next_dagrun for etl_cotacoes_moedas to 2026-06-07 00:00:00+00:00, run_after=2026-06-08 00:00:00+00:00
[2026-06-07T05:11:48.740+0000] {processor.py:183} INFO - Processing /opt/airflow/dags/cotacoes_dags.py took 0.192 seconds
[2026-06-07T05:12:19.032+0000] {processor.py:161} INFO - Started process (PID=353) to work on /opt/airflow/dags/cotacoes_dags.py
[2026-06-07T05:12:19.035+0000] {processor.py:830} INFO - Processing file /opt/airflow/dags/cotacoes_dags.py for tasks to queue
[2026-06-07T05:12:19.040+0000] {logging_mixin.py:188} INFO - [2026-06-07T05:12:19.039+0000] {dagbag.py:545} INFO - Filling up the DagBag from /opt/airflow/dags/cotacoes_dags.py
[2026-06-07T05:12:19.087+0000] {processor.py:840} INFO - DAG(s) 'etl_cotacoes_moedas' retrieved from /opt/airflow/dags/cotacoes_dags.py
[2026-06-07T05:12:19.157+0000] {logging_mixin.py:188} INFO - [2026-06-07T05:12:19.157+0000] {dag.py:3096} INFO - Sync 1 DAGs
[2026-06-07T05:12:19.196+0000] {logging_mixin.py:188} INFO - [2026-06-07T05:12:19.195+0000] {dag.py:3954} INFO - Setting next_dagrun for etl_cotacoes_moedas to 2026-06-07 00:00:00+00:00, run_after=2026-06-08 00:00:00+00:00
[2026-06-07T05:12:19.245+0000] {processor.py:183} INFO - Processing /opt/airflow/dags/cotacoes_dags.py took 0.227 seconds
[2026-06-07T05:12:49.384+0000] {processor.py:161} INFO - Started process (PID=358) to work on /opt/airflow/dags/cotacoes_dags.py
[2026-06-07T05:12:49.387+0000] {processor.py:830} INFO - Processing file /opt/airflow/dags/cotacoes_dags.py for tasks to queue
[2026-06-07T05:12:49.391+0000] {logging_mixin.py:188} INFO - [2026-06-07T05:12:49.391+0000] {dagbag.py:545} INFO - Filling up the DagBag from /opt/airflow/dags/cotacoes_dags.py
[2026-06-07T05:12:49.472+0000] {processor.py:840} INFO - DAG(s) 'etl_cotacoes_moedas' retrieved from /opt/airflow/dags/cotacoes_dags.py
[2026-06-07T05:12:49.529+0000] {logging_mixin.py:188} INFO - [2026-06-07T05:12:49.529+0000] {dag.py:3096} INFO - Sync 1 DAGs
[2026-06-07T05:12:49.547+0000] {logging_mixin.py:188} INFO - [2026-06-07T05:12:49.547+0000] {dag.py:3954} INFO - Setting next_dagrun for etl_cotacoes_moedas to 2026-06-07 00:00:00+00:00, run_after=2026-06-08 00:00:00+00:00
[2026-06-07T05:12:49.566+0000] {processor.py:183} INFO - Processing /opt/airflow/dags/cotacoes_dags.py took 0.192 seconds
[2026-06-07T05:13:19.913+0000] {processor.py:161} INFO - Started process (PID=363) to work on /opt/airflow/dags/cotacoes_dags.py
[2026-06-07T05:13:19.915+0000] {processor.py:830} INFO - Processing file /opt/airflow/dags/cotacoes_dags.py for tasks to queue
[2026-06-07T05:13:19.919+0000] {logging_mixin.py:188} INFO - [2026-06-07T05:13:19.918+0000] {dagbag.py:545} INFO - Filling up the DagBag from /opt/airflow/dags/cotacoes_dags.py
[2026-06-07T05:13:19.969+0000] {processor.py:840} INFO - DAG(s) 'etl_cotacoes_moedas' retrieved from /opt/airflow/dags/cotacoes_dags.py
[2026-06-07T05:13:20.013+0000] {logging_mixin.py:188} INFO - [2026-06-07T05:13:20.012+0000] {dag.py:3096} INFO - Sync 1 DAGs
[2026-06-07T05:13:20.032+0000] {logging_mixin.py:188} INFO - [2026-06-07T05:13:20.032+0000] {dag.py:3954} INFO - Setting next_dagrun for etl_cotacoes_moedas to 2026-06-07 00:00:00+00:00, run_after=2026-06-08 00:00:00+00:00
[2026-06-07T05:13:20.048+0000] {processor.py:183} INFO - Processing /opt/airflow/dags/cotacoes_dags.py took 0.144 seconds
[2026-06-07T05:13:50.229+0000] {processor.py:161} INFO - Started process (PID=368) to work on /opt/airflow/dags/cotacoes_dags.py
[2026-06-07T05:13:50.231+0000] {processor.py:830} INFO - Processing file /opt/airflow/dags/cotacoes_dags.py for tasks to queue
[2026-06-07T05:13:50.235+0000] {logging_mixin.py:188} INFO - [2026-06-07T05:13:50.234+0000] {dagbag.py:545} INFO - Filling up the DagBag from /opt/airflow/dags/cotacoes_dags.py
[2026-06-07T05:13:50.284+0000] {processor.py:840} INFO - DAG(s) 'etl_cotacoes_moedas' retrieved from /opt/airflow/dags/cotacoes_dags.py
[2026-06-07T05:13:50.337+0000] {logging_mixin.py:188} INFO - [2026-06-07T05:13:50.336+0000] {dag.py:3096} INFO - Sync 1 DAGs
[2026-06-07T05:13:50.361+0000] {logging_mixin.py:188} INFO - [2026-06-07T05:13:50.361+0000] {dag.py:3954} INFO - Setting next_dagrun for etl_cotacoes_moedas to 2026-06-07 00:00:00+00:00, run_after=2026-06-08 00:00:00+00:00
[2026-06-07T05:13:50.411+0000] {processor.py:183} INFO - Processing /opt/airflow/dags/cotacoes_dags.py took 0.193 seconds
[2026-06-07T05:14:20.702+0000] {processor.py:161} INFO - Started process (PID=373) to work on /opt/airflow/dags/cotacoes_dags.py
[2026-06-07T05:14:20.705+0000] {processor.py:830} INFO - Processing file /opt/airflow/dags/cotacoes_dags.py for tasks to queue
[2026-06-07T05:14:20.710+0000] {logging_mixin.py:188} INFO - [2026-06-07T05:14:20.710+0000] {dagbag.py:545} INFO - Filling up the DagBag from /opt/airflow/dags/cotacoes_dags.py
[2026-06-07T05:14:20.761+0000] {processor.py:840} INFO - DAG(s) 'etl_cotacoes_moedas' retrieved from /opt/airflow/dags/cotacoes_dags.py
[2026-06-07T05:14:20.826+0000] {logging_mixin.py:188} INFO - [2026-06-07T05:14:20.826+0000] {dag.py:3096} INFO - Sync 1 DAGs
[2026-06-07T05:14:20.848+0000] {logging_mixin.py:188} INFO - [2026-06-07T05:14:20.847+0000] {dag.py:3954} INFO - Setting next_dagrun for etl_cotacoes_moedas to 2026-06-07 00:00:00+00:00, run_after=2026-06-08 00:00:00+00:00
[2026-06-07T05:14:20.897+0000] {processor.py:183} INFO - Processing /opt/airflow/dags/cotacoes_dags.py took 0.204 seconds
[2026-06-07T05:14:51.038+0000] {processor.py:161} INFO - Started process (PID=378) to work on /opt/airflow/dags/cotacoes_dags.py
[2026-06-07T05:14:51.040+0000] {processor.py:830} INFO - Processing file /opt/airflow/dags/cotacoes_dags.py for tasks to queue
[2026-06-07T05:14:51.046+0000] {logging_mixin.py:188} INFO - [2026-06-07T05:14:51.045+0000] {dagbag.py:545} INFO - Filling up the DagBag from /opt/airflow/dags/cotacoes_dags.py
[2026-06-07T05:14:51.097+0000] {processor.py:840} INFO - DAG(s) 'etl_cotacoes_moedas' retrieved from /opt/airflow/dags/cotacoes_dags.py
[2026-06-07T05:14:51.148+0000] {logging_mixin.py:188} INFO - [2026-06-07T05:14:51.148+0000] {dag.py:3096} INFO - Sync 1 DAGs
[2026-06-07T05:14:51.169+0000] {logging_mixin.py:188} INFO - [2026-06-07T05:14:51.168+0000] {dag.py:3954} INFO - Setting next_dagrun for etl_cotacoes_moedas to 2026-06-07 00:00:00+00:00, run_after=2026-06-08 00:00:00+00:00
[2026-06-07T05:14:51.215+0000] {processor.py:183} INFO - Processing /opt/airflow/dags/cotacoes_dags.py took 0.190 seconds
[2026-06-07T05:15:21.562+0000] {processor.py:161} INFO - Started process (PID=383) to work on /opt/airflow/dags/cotacoes_dags.py
[2026-06-07T05:15:21.565+0000] {processor.py:830} INFO - Processing file /opt/airflow/dags/cotacoes_dags.py for tasks to queue
[2026-06-07T05:15:21.570+0000] {logging_mixin.py:188} INFO - [2026-06-07T05:15:21.569+0000] {dagbag.py:545} INFO - Filling up the DagBag from /opt/airflow/dags/cotacoes_dags.py
[2026-06-07T05:15:21.626+0000] {processor.py:840} INFO - DAG(s) 'etl_cotacoes_moedas' retrieved from /opt/airflow/dags/cotacoes_dags.py
[2026-06-07T05:15:21.678+0000] {logging_mixin.py:188} INFO - [2026-06-07T05:15:21.677+0000] {dag.py:3096} INFO - Sync 1 DAGs
[2026-06-07T05:15:21.714+0000] {logging_mixin.py:188} INFO - [2026-06-07T05:15:21.714+0000] {dag.py:3954} INFO - Setting next_dagrun for etl_cotacoes_moedas to 2026-06-07 00:00:00+00:00, run_after=2026-06-08 00:00:00+00:00
[2026-06-07T05:15:21.772+0000] {processor.py:183} INFO - Processing /opt/airflow/dags/cotacoes_dags.py took 0.223 seconds
[2026-06-07T05:15:51.883+0000] {processor.py:161} INFO - Started process (PID=388) to work on /opt/airflow/dags/cotacoes_dags.py
[2026-06-07T05:15:51.886+0000] {processor.py:830} INFO - Processing file /opt/airflow/dags/cotacoes_dags.py for tasks to queue
[2026-06-07T05:15:51.891+0000] {logging_mixin.py:188} INFO - [2026-06-07T05:15:51.890+0000] {dagbag.py:545} INFO - Filling up the DagBag from /opt/airflow/dags/cotacoes_dags.py
[2026-06-07T05:15:51.941+0000] {processor.py:840} INFO - DAG(s) 'etl_cotacoes_moedas' retrieved from /opt/airflow/dags/cotacoes_dags.py
[2026-06-07T05:15:51.995+0000] {logging_mixin.py:188} INFO - [2026-06-07T05:15:51.995+0000] {dag.py:3096} INFO - Sync 1 DAGs
[2026-06-07T05:15:52.036+0000] {logging_mixin.py:188} INFO - [2026-06-07T05:15:52.035+0000] {dag.py:3954} INFO - Setting next_dagrun for etl_cotacoes_moedas to 2026-06-07 00:00:00+00:00, run_after=2026-06-08 00:00:00+00:00
[2026-06-07T05:15:52.087+0000] {processor.py:183} INFO - Processing /opt/airflow/dags/cotacoes_dags.py took 0.216 seconds
[2026-06-07T05:16:22.490+0000] {processor.py:161} INFO - Started process (PID=393) to work on /opt/airflow/dags/cotacoes_dags.py
[2026-06-07T05:16:22.492+0000] {processor.py:830} INFO - Processing file /opt/airflow/dags/cotacoes_dags.py for tasks to queue
[2026-06-07T05:16:22.497+0000] {logging_mixin.py:188} INFO - [2026-06-07T05:16:22.496+0000] {dagbag.py:545} INFO - Filling up the DagBag from /opt/airflow/dags/cotacoes_dags.py
[2026-06-07T05:16:22.555+0000] {processor.py:840} INFO - DAG(s) 'etl_cotacoes_moedas' retrieved from /opt/airflow/dags/cotacoes_dags.py
[2026-06-07T05:16:22.615+0000] {logging_mixin.py:188} INFO - [2026-06-07T05:16:22.614+0000] {dag.py:3096} INFO - Sync 1 DAGs
[2026-06-07T05:16:22.636+0000] {logging_mixin.py:188} INFO - [2026-06-07T05:16:22.635+0000] {dag.py:3954} INFO - Setting next_dagrun for etl_cotacoes_moedas to 2026-06-07 00:00:00+00:00, run_after=2026-06-08 00:00:00+00:00
[2026-06-07T05:16:22.683+0000] {processor.py:183} INFO - Processing /opt/airflow/dags/cotacoes_dags.py took 0.205 seconds
[2026-06-07T05:16:52.841+0000] {processor.py:161} INFO - Started process (PID=398) to work on /opt/airflow/dags/cotacoes_dags.py
[2026-06-07T05:16:52.844+0000] {processor.py:830} INFO - Processing file /opt/airflow/dags/cotacoes_dags.py for tasks to queue
[2026-06-07T05:16:52.849+0000] {logging_mixin.py:188} INFO - [2026-06-07T05:16:52.848+0000] {dagbag.py:545} INFO - Filling up the DagBag from /opt/airflow/dags/cotacoes_dags.py
[2026-06-07T05:16:52.902+0000] {processor.py:840} INFO - DAG(s) 'etl_cotacoes_moedas' retrieved from /opt/airflow/dags/cotacoes_dags.py
[2026-06-07T05:16:52.952+0000] {logging_mixin.py:188} INFO - [2026-06-07T05:16:52.952+0000] {dag.py:3096} INFO - Sync 1 DAGs
[2026-06-07T05:16:52.983+0000] {logging_mixin.py:188} INFO - [2026-06-07T05:16:52.983+0000] {dag.py:3954} INFO - Setting next_dagrun for etl_cotacoes_moedas to 2026-06-07 00:00:00+00:00, run_after=2026-06-08 00:00:00+00:00
[2026-06-07T05:16:53.017+0000] {processor.py:183} INFO - Processing /opt/airflow/dags/cotacoes_dags.py took 0.185 seconds
[2026-06-07T05:17:23.415+0000] {processor.py:161} INFO - Started process (PID=403) to work on /opt/airflow/dags/cotacoes_dags.py
[2026-06-07T05:17:23.417+0000] {processor.py:830} INFO - Processing file /opt/airflow/dags/cotacoes_dags.py for tasks to queue
[2026-06-07T05:17:23.421+0000] {logging_mixin.py:188} INFO - [2026-06-07T05:17:23.421+0000] {dagbag.py:545} INFO - Filling up the DagBag from /opt/airflow/dags/cotacoes_dags.py
[2026-06-07T05:17:23.471+0000] {processor.py:840} INFO - DAG(s) 'etl_cotacoes_moedas' retrieved from /opt/airflow/dags/cotacoes_dags.py
[2026-06-07T05:17:23.517+0000] {logging_mixin.py:188} INFO - [2026-06-07T05:17:23.517+0000] {dag.py:3096} INFO - Sync 1 DAGs
[2026-06-07T05:17:23.548+0000] {logging_mixin.py:188} INFO - [2026-06-07T05:17:23.547+0000] {dag.py:3954} INFO - Setting next_dagrun for etl_cotacoes_moedas to 2026-06-07 00:00:00+00:00, run_after=2026-06-08 00:00:00+00:00
[2026-06-07T05:17:23.604+0000] {processor.py:183} INFO - Processing /opt/airflow/dags/cotacoes_dags.py took 0.200 seconds
[2026-06-07T05:17:53.741+0000] {processor.py:161} INFO - Started process (PID=408) to work on /opt/airflow/dags/cotacoes_dags.py
[2026-06-07T05:17:53.744+0000] {processor.py:830} INFO - Processing file /opt/airflow/dags/cotacoes_dags.py for tasks to queue
[2026-06-07T05:17:53.749+0000] {logging_mixin.py:188} INFO - [2026-06-07T05:17:53.748+0000] {dagbag.py:545} INFO - Filling up the DagBag from /opt/airflow/dags/cotacoes_dags.py
[2026-06-07T05:17:53.809+0000] {processor.py:840} INFO - DAG(s) 'etl_cotacoes_moedas' retrieved from /opt/airflow/dags/cotacoes_dags.py
[2026-06-07T05:17:53.874+0000] {logging_mixin.py:188} INFO - [2026-06-07T05:17:53.874+0000] {dag.py:3096} INFO - Sync 1 DAGs
[2026-06-07T05:17:53.902+0000] {logging_mixin.py:188} INFO - [2026-06-07T05:17:53.902+0000] {dag.py:3954} INFO - Setting next_dagrun for etl_cotacoes_moedas to 2026-06-07 00:00:00+00:00, run_after=2026-06-08 00:00:00+00:00
[2026-06-07T05:17:53.921+0000] {processor.py:183} INFO - Processing /opt/airflow/dags/cotacoes_dags.py took 0.194 seconds
[2026-06-07T05:18:24.249+0000] {processor.py:161} INFO - Started process (PID=413) to work on /opt/airflow/dags/cotacoes_dags.py
[2026-06-07T05:18:24.252+0000] {processor.py:830} INFO - Processing file /opt/airflow/dags/cotacoes_dags.py for tasks to queue
[2026-06-07T05:18:24.256+0000] {logging_mixin.py:188} INFO - [2026-06-07T05:18:24.256+0000] {dagbag.py:545} INFO - Filling up the DagBag from /opt/airflow/dags/cotacoes_dags.py
[2026-06-07T05:18:24.310+0000] {processor.py:840} INFO - DAG(s) 'etl_cotacoes_moedas' retrieved from /opt/airflow/dags/cotacoes_dags.py
[2026-06-07T05:18:24.357+0000] {logging_mixin.py:188} INFO - [2026-06-07T05:18:24.357+0000] {dag.py:3096} INFO - Sync 1 DAGs
[2026-06-07T05:18:24.385+0000] {logging_mixin.py:188} INFO - [2026-06-07T05:18:24.385+0000] {dag.py:3954} INFO - Setting next_dagrun for etl_cotacoes_moedas to 2026-06-07 00:00:00+00:00, run_after=2026-06-08 00:00:00+00:00
[2026-06-07T05:18:24.414+0000] {processor.py:183} INFO - Processing /opt/airflow/dags/cotacoes_dags.py took 0.176 seconds
[2026-06-07T05:18:54.605+0000] {processor.py:161} INFO - Started process (PID=418) to work on /opt/airflow/dags/cotacoes_dags.py
[2026-06-07T05:18:54.608+0000] {processor.py:830} INFO - Processing file /opt/airflow/dags/cotacoes_dags.py for tasks to queue
[2026-06-07T05:18:54.613+0000] {logging_mixin.py:188} INFO - [2026-06-07T05:18:54.612+0000] {dagbag.py:545} INFO - Filling up the DagBag from /opt/airflow/dags/cotacoes_dags.py
[2026-06-07T05:18:54.674+0000] {processor.py:840} INFO - DAG(s) 'etl_cotacoes_moedas' retrieved from /opt/airflow/dags/cotacoes_dags.py
[2026-06-07T05:18:54.733+0000] {logging_mixin.py:188} INFO - [2026-06-07T05:18:54.733+0000] {dag.py:3096} INFO - Sync 1 DAGs
[2026-06-07T05:18:54.757+0000] {logging_mixin.py:188} INFO - [2026-06-07T05:18:54.757+0000] {dag.py:3954} INFO - Setting next_dagrun for etl_cotacoes_moedas to 2026-06-07 00:00:00+00:00, run_after=2026-06-08 00:00:00+00:00
[2026-06-07T05:18:54.799+0000] {processor.py:183} INFO - Processing /opt/airflow/dags/cotacoes_dags.py took 0.209 seconds
[2026-06-07T05:19:25.120+0000] {processor.py:161} INFO - Started process (PID=423) to work on /opt/airflow/dags/cotacoes_dags.py
[2026-06-07T05:19:25.123+0000] {processor.py:830} INFO - Processing file /opt/airflow/dags/cotacoes_dags.py for tasks to queue
[2026-06-07T05:19:25.128+0000] {logging_mixin.py:188} INFO - [2026-06-07T05:19:25.127+0000] {dagbag.py:545} INFO - Filling up the DagBag from /opt/airflow/dags/cotacoes_dags.py
[2026-06-07T05:19:25.186+0000] {processor.py:840} INFO - DAG(s) 'etl_cotacoes_moedas' retrieved from /opt/airflow/dags/cotacoes_dags.py
[2026-06-07T05:19:25.247+0000] {logging_mixin.py:188} INFO - [2026-06-07T05:19:25.246+0000] {dag.py:3096} INFO - Sync 1 DAGs
[2026-06-07T05:19:25.279+0000] {logging_mixin.py:188} INFO - [2026-06-07T05:19:25.279+0000] {dag.py:3954} INFO - Setting next_dagrun for etl_cotacoes_moedas to 2026-06-07 00:00:00+00:00, run_after=2026-06-08 00:00:00+00:00
[2026-06-07T05:19:25.331+0000] {processor.py:183} INFO - Processing /opt/airflow/dags/cotacoes_dags.py took 0.223 seconds
[2026-06-07T05:19:55.469+0000] {processor.py:161} INFO - Started process (PID=428) to work on /opt/airflow/dags/cotacoes_dags.py
[2026-06-07T05:19:55.473+0000] {processor.py:830} INFO - Processing file /opt/airflow/dags/cotacoes_dags.py for tasks to queue
[2026-06-07T05:19:55.476+0000] {logging_mixin.py:188} INFO - [2026-06-07T05:19:55.476+0000] {dagbag.py:545} INFO - Filling up the DagBag from /opt/airflow/dags/cotacoes_dags.py
[2026-06-07T05:19:55.534+0000] {processor.py:840} INFO - DAG(s) 'etl_cotacoes_moedas' retrieved from /opt/airflow/dags/cotacoes_dags.py
[2026-06-07T05:19:55.597+0000] {logging_mixin.py:188} INFO - [2026-06-07T05:19:55.596+0000] {dag.py:3096} INFO - Sync 1 DAGs
[2026-06-07T05:19:55.643+0000] {logging_mixin.py:188} INFO - [2026-06-07T05:19:55.642+0000] {dag.py:3954} INFO - Setting next_dagrun for etl_cotacoes_moedas to 2026-06-07 00:00:00+00:00, run_after=2026-06-08 00:00:00+00:00
[2026-06-07T05:19:55.691+0000] {processor.py:183} INFO - Processing /opt/airflow/dags/cotacoes_dags.py took 0.237 seconds
[2026-06-07T05:20:26.051+0000] {processor.py:161} INFO - Started process (PID=433) to work on /opt/airflow/dags/cotacoes_dags.py
[2026-06-07T05:20:26.053+0000] {processor.py:830} INFO - Processing file /opt/airflow/dags/cotacoes_dags.py for tasks to queue
[2026-06-07T05:20:26.057+0000] {logging_mixin.py:188} INFO - [2026-06-07T05:20:26.057+0000] {dagbag.py:545} INFO - Filling up the DagBag from /opt/airflow/dags/cotacoes_dags.py
[2026-06-07T05:20:26.113+0000] {processor.py:840} INFO - DAG(s) 'etl_cotacoes_moedas' retrieved from /opt/airflow/dags/cotacoes_dags.py
[2026-06-07T05:20:26.171+0000] {logging_mixin.py:188} INFO - [2026-06-07T05:20:26.171+0000] {dag.py:3096} INFO - Sync 1 DAGs
[2026-06-07T05:20:26.210+0000] {logging_mixin.py:188} INFO - [2026-06-07T05:20:26.210+0000] {dag.py:3954} INFO - Setting next_dagrun for etl_cotacoes_moedas to 2026-06-07 00:00:00+00:00, run_after=2026-06-08 00:00:00+00:00
[2026-06-07T05:20:26.264+0000] {processor.py:183} INFO - Processing /opt/airflow/dags/cotacoes_dags.py took 0.221 seconds
[2026-06-07T05:20:56.416+0000] {processor.py:161} INFO - Started process (PID=438) to work on /opt/airflow/dags/cotacoes_dags.py
[2026-06-07T05:20:56.419+0000] {processor.py:830} INFO - Processing file /opt/airflow/dags/cotacoes_dags.py for tasks to queue
[2026-06-07T05:20:56.423+0000] {logging_mixin.py:188} INFO - [2026-06-07T05:20:56.423+0000] {dagbag.py:545} INFO - Filling up the DagBag from /opt/airflow/dags/cotacoes_dags.py
[2026-06-07T05:20:56.494+0000] {processor.py:840} INFO - DAG(s) 'etl_cotacoes_moedas' retrieved from /opt/airflow/dags/cotacoes_dags.py
[2026-06-07T05:20:56.536+0000] {logging_mixin.py:188} INFO - [2026-06-07T05:20:56.536+0000] {dag.py:3096} INFO - Sync 1 DAGs
[2026-06-07T05:20:56.563+0000] {logging_mixin.py:188} INFO - [2026-06-07T05:20:56.562+0000] {dag.py:3954} INFO - Setting next_dagrun for etl_cotacoes_moedas to 2026-06-07 00:00:00+00:00, run_after=2026-06-08 00:00:00+00:00
[2026-06-07T05:20:56.611+0000] {processor.py:183} INFO - Processing /opt/airflow/dags/cotacoes_dags.py took 0.211 seconds
[2026-06-07T05:21:26.999+0000] {processor.py:161} INFO - Started process (PID=443) to work on /opt/airflow/dags/cotacoes_dags.py
[2026-06-07T05:21:27.002+0000] {processor.py:830} INFO - Processing file /opt/airflow/dags/cotacoes_dags.py for tasks to queue
[2026-06-07T05:21:27.006+0000] {logging_mixin.py:188} INFO - [2026-06-07T05:21:27.005+0000] {dagbag.py:545} INFO - Filling up the DagBag from /opt/airflow/dags/cotacoes_dags.py
[2026-06-07T05:21:27.067+0000] {processor.py:840} INFO - DAG(s) 'etl_cotacoes_moedas' retrieved from /opt/airflow/dags/cotacoes_dags.py
[2026-06-07T05:21:27.123+0000] {logging_mixin.py:188} INFO - [2026-06-07T05:21:27.122+0000] {dag.py:3096} INFO - Sync 1 DAGs
[2026-06-07T05:21:27.155+0000] {logging_mixin.py:188} INFO - [2026-06-07T05:21:27.155+0000] {dag.py:3954} INFO - Setting next_dagrun for etl_cotacoes_moedas to 2026-06-07 00:00:00+00:00, run_after=2026-06-08 00:00:00+00:00
[2026-06-07T05:21:27.226+0000] {processor.py:183} INFO - Processing /opt/airflow/dags/cotacoes_dags.py took 0.236 seconds
[2026-06-07T05:21:57.367+0000] {processor.py:161} INFO - Started process (PID=448) to work on /opt/airflow/dags/cotacoes_dags.py
[2026-06-07T05:21:57.371+0000] {processor.py:830} INFO - Processing file /opt/airflow/dags/cotacoes_dags.py for tasks to queue
[2026-06-07T05:21:57.376+0000] {logging_mixin.py:188} INFO - [2026-06-07T05:21:57.375+0000] {dagbag.py:545} INFO - Filling up the DagBag from /opt/airflow/dags/cotacoes_dags.py
[2026-06-07T05:21:57.435+0000] {processor.py:840} INFO - DAG(s) 'etl_cotacoes_moedas' retrieved from /opt/airflow/dags/cotacoes_dags.py
[2026-06-07T05:21:57.485+0000] {logging_mixin.py:188} INFO - [2026-06-07T05:21:57.485+0000] {dag.py:3096} INFO - Sync 1 DAGs
[2026-06-07T05:21:57.523+0000] {logging_mixin.py:188} INFO - [2026-06-07T05:21:57.523+0000] {dag.py:3954} INFO - Setting next_dagrun for etl_cotacoes_moedas to 2026-06-07 00:00:00+00:00, run_after=2026-06-08 00:00:00+00:00
[2026-06-07T05:21:57.552+0000] {processor.py:183} INFO - Processing /opt/airflow/dags/cotacoes_dags.py took 0.198 seconds
[2026-06-07T05:22:27.897+0000] {processor.py:161} INFO - Started process (PID=453) to work on /opt/airflow/dags/cotacoes_dags.py
[2026-06-07T05:22:27.900+0000] {processor.py:830} INFO - Processing file /opt/airflow/dags/cotacoes_dags.py for tasks to queue
[2026-06-07T05:22:27.903+0000] {logging_mixin.py:188} INFO - [2026-06-07T05:22:27.903+0000] {dagbag.py:545} INFO - Filling up the DagBag from /opt/airflow/dags/cotacoes_dags.py
[2026-06-07T05:22:27.961+0000] {processor.py:840} INFO - DAG(s) 'etl_cotacoes_moedas' retrieved from /opt/airflow/dags/cotacoes_dags.py
[2026-06-07T05:22:28.020+0000] {logging_mixin.py:188} INFO - [2026-06-07T05:22:28.020+0000] {dag.py:3096} INFO - Sync 1 DAGs
[2026-06-07T05:22:28.057+0000] {logging_mixin.py:188} INFO - [2026-06-07T05:22:28.056+0000] {dag.py:3954} INFO - Setting next_dagrun for etl_cotacoes_moedas to 2026-06-07 00:00:00+00:00, run_after=2026-06-08 00:00:00+00:00
[2026-06-07T05:22:28.102+0000] {processor.py:183} INFO - Processing /opt/airflow/dags/cotacoes_dags.py took 0.215 seconds
[2026-06-07T05:22:58.219+0000] {processor.py:161} INFO - Started process (PID=458) to work on /opt/airflow/dags/cotacoes_dags.py
[2026-06-07T05:22:58.222+0000] {processor.py:830} INFO - Processing file /opt/airflow/dags/cotacoes_dags.py for tasks to queue
[2026-06-07T05:22:58.227+0000] {logging_mixin.py:188} INFO - [2026-06-07T05:22:58.225+0000] {dagbag.py:545} INFO - Filling up the DagBag from /opt/airflow/dags/cotacoes_dags.py
[2026-06-07T05:22:58.301+0000] {processor.py:840} INFO - DAG(s) 'etl_cotacoes_moedas' retrieved from /opt/airflow/dags/cotacoes_dags.py
[2026-06-07T05:22:58.334+0000] {logging_mixin.py:188} INFO - [2026-06-07T05:22:58.334+0000] {dag.py:3096} INFO - Sync 1 DAGs
[2026-06-07T05:22:58.373+0000] {logging_mixin.py:188} INFO - [2026-06-07T05:22:58.373+0000] {dag.py:3954} INFO - Setting next_dagrun for etl_cotacoes_moedas to 2026-06-07 00:00:00+00:00, run_after=2026-06-08 00:00:00+00:00
[2026-06-07T05:22:58.423+0000] {processor.py:183} INFO - Processing /opt/airflow/dags/cotacoes_dags.py took 0.216 seconds
[2026-06-07T05:23:28.751+0000] {processor.py:161} INFO - Started process (PID=463) to work on /opt/airflow/dags/cotacoes_dags.py
[2026-06-07T05:23:28.754+0000] {processor.py:830} INFO - Processing file /opt/airflow/dags/cotacoes_dags.py for tasks to queue
[2026-06-07T05:23:28.760+0000] {logging_mixin.py:188} INFO - [2026-06-07T05:23:28.760+0000] {dagbag.py:545} INFO - Filling up the DagBag from /opt/airflow/dags/cotacoes_dags.py
[2026-06-07T05:23:28.803+0000] {processor.py:840} INFO - DAG(s) 'etl_cotacoes_moedas' retrieved from /opt/airflow/dags/cotacoes_dags.py
[2026-06-07T05:23:28.860+0000] {logging_mixin.py:188} INFO - [2026-06-07T05:23:28.860+0000] {dag.py:3096} INFO - Sync 1 DAGs
[2026-06-07T05:23:28.882+0000] {logging_mixin.py:188} INFO - [2026-06-07T05:23:28.882+0000] {dag.py:3954} INFO - Setting next_dagrun for etl_cotacoes_moedas to 2026-06-07 00:00:00+00:00, run_after=2026-06-08 00:00:00+00:00
[2026-06-07T05:23:28.928+0000] {processor.py:183} INFO - Processing /opt/airflow/dags/cotacoes_dags.py took 0.190 seconds
[2026-06-07T05:23:59.085+0000] {processor.py:161} INFO - Started process (PID=468) to work on /opt/airflow/dags/cotacoes_dags.py
[2026-06-07T05:23:59.087+0000] {processor.py:830} INFO - Processing file /opt/airflow/dags/cotacoes_dags.py for tasks to queue
[2026-06-07T05:23:59.090+0000] {logging_mixin.py:188} INFO - [2026-06-07T05:23:59.090+0000] {dagbag.py:545} INFO - Filling up the DagBag from /opt/airflow/dags/cotacoes_dags.py
[2026-06-07T05:23:59.139+0000] {processor.py:840} INFO - DAG(s) 'etl_cotacoes_moedas' retrieved from /opt/airflow/dags/cotacoes_dags.py
[2026-06-07T05:23:59.179+0000] {logging_mixin.py:188} INFO - [2026-06-07T05:23:59.179+0000] {dag.py:3096} INFO - Sync 1 DAGs
[2026-06-07T05:23:59.211+0000] {logging_mixin.py:188} INFO - [2026-06-07T05:23:59.211+0000] {dag.py:3954} INFO - Setting next_dagrun for etl_cotacoes_moedas to 2026-06-07 00:00:00+00:00, run_after=2026-06-08 00:00:00+00:00
[2026-06-07T05:23:59.268+0000] {processor.py:183} INFO - Processing /opt/airflow/dags/cotacoes_dags.py took 0.194 seconds
[2026-06-07T05:24:29.567+0000] {processor.py:161} INFO - Started process (PID=473) to work on /opt/airflow/dags/cotacoes_dags.py
[2026-06-07T05:24:29.569+0000] {processor.py:830} INFO - Processing file /opt/airflow/dags/cotacoes_dags.py for tasks to queue
[2026-06-07T05:24:29.571+0000] {logging_mixin.py:188} INFO - [2026-06-07T05:24:29.571+0000] {dagbag.py:545} INFO - Filling up the DagBag from /opt/airflow/dags/cotacoes_dags.py
[2026-06-07T05:24:29.622+0000] {processor.py:840} INFO - DAG(s) 'etl_cotacoes_moedas' retrieved from /opt/airflow/dags/cotacoes_dags.py
[2026-06-07T05:24:29.676+0000] {logging_mixin.py:188} INFO - [2026-06-07T05:24:29.676+0000] {dag.py:3096} INFO - Sync 1 DAGs
[2026-06-07T05:24:29.700+0000] {logging_mixin.py:188} INFO - [2026-06-07T05:24:29.699+0000] {dag.py:3954} INFO - Setting next_dagrun for etl_cotacoes_moedas to 2026-06-07 00:00:00+00:00, run_after=2026-06-08 00:00:00+00:00
[2026-06-07T05:24:29.742+0000] {processor.py:183} INFO - Processing /opt/airflow/dags/cotacoes_dags.py took 0.183 seconds
[2026-06-07T05:24:59.913+0000] {processor.py:161} INFO - Started process (PID=478) to work on /opt/airflow/dags/cotacoes_dags.py
[2026-06-07T05:24:59.915+0000] {processor.py:830} INFO - Processing file /opt/airflow/dags/cotacoes_dags.py for tasks to queue
[2026-06-07T05:24:59.919+0000] {logging_mixin.py:188} INFO - [2026-06-07T05:24:59.919+0000] {dagbag.py:545} INFO - Filling up the DagBag from /opt/airflow/dags/cotacoes_dags.py
[2026-06-07T05:24:59.959+0000] {processor.py:840} INFO - DAG(s) 'etl_cotacoes_moedas' retrieved from /opt/airflow/dags/cotacoes_dags.py
[2026-06-07T05:25:00.001+0000] {logging_mixin.py:188} INFO - [2026-06-07T05:25:00.001+0000] {dag.py:3096} INFO - Sync 1 DAGs
[2026-06-07T05:25:00.105+0000] {logging_mixin.py:188} INFO - [2026-06-07T05:25:00.104+0000] {dag.py:3954} INFO - Setting next_dagrun for etl_cotacoes_moedas to 2026-06-07 00:00:00+00:00, run_after=2026-06-08 00:00:00+00:00
[2026-06-07T05:25:00.133+0000] {processor.py:183} INFO - Processing /opt/airflow/dags/cotacoes_dags.py took 0.232 seconds
[2026-06-07T05:25:30.391+0000] {processor.py:161} INFO - Started process (PID=483) to work on /opt/airflow/dags/cotacoes_dags.py
[2026-06-07T05:25:30.393+0000] {processor.py:830} INFO - Processing file /opt/airflow/dags/cotacoes_dags.py for tasks to queue
[2026-06-07T05:25:30.399+0000] {logging_mixin.py:188} INFO - [2026-06-07T05:25:30.397+0000] {dagbag.py:545} INFO - Filling up the DagBag from /opt/airflow/dags/cotacoes_dags.py
[2026-06-07T05:25:30.453+0000] {processor.py:840} INFO - DAG(s) 'etl_cotacoes_moedas' retrieved from /opt/airflow/dags/cotacoes_dags.py
[2026-06-07T05:25:30.526+0000] {logging_mixin.py:188} INFO - [2026-06-07T05:25:30.525+0000] {dag.py:3096} INFO - Sync 1 DAGs
[2026-06-07T05:25:30.552+0000] {logging_mixin.py:188} INFO - [2026-06-07T05:25:30.552+0000] {dag.py:3954} INFO - Setting next_dagrun for etl_cotacoes_moedas to 2026-06-07 00:00:00+00:00, run_after=2026-06-08 00:00:00+00:00
[2026-06-07T05:25:30.600+0000] {processor.py:183} INFO - Processing /opt/airflow/dags/cotacoes_dags.py took 0.220 seconds
[2026-06-07T05:26:00.751+0000] {processor.py:161} INFO - Started process (PID=488) to work on /opt/airflow/dags/cotacoes_dags.py
[2026-06-07T05:26:00.753+0000] {processor.py:830} INFO - Processing file /opt/airflow/dags/cotacoes_dags.py for tasks to queue
[2026-06-07T05:26:00.759+0000] {logging_mixin.py:188} INFO - [2026-06-07T05:26:00.758+0000] {dagbag.py:545} INFO - Filling up the DagBag from /opt/airflow/dags/cotacoes_dags.py
[2026-06-07T05:26:00.814+0000] {processor.py:840} INFO - DAG(s) 'etl_cotacoes_moedas' retrieved from /opt/airflow/dags/cotacoes_dags.py
[2026-06-07T05:26:00.869+0000] {logging_mixin.py:188} INFO - [2026-06-07T05:26:00.868+0000] {dag.py:3096} INFO - Sync 1 DAGs
[2026-06-07T05:26:00.903+0000] {logging_mixin.py:188} INFO - [2026-06-07T05:26:00.903+0000] {dag.py:3954} INFO - Setting next_dagrun for etl_cotacoes_moedas to 2026-06-07 00:00:00+00:00, run_after=2026-06-08 00:00:00+00:00
[2026-06-07T05:26:00.968+0000] {processor.py:183} INFO - Processing /opt/airflow/dags/cotacoes_dags.py took 0.227 seconds
[2026-06-07T05:26:31.374+0000] {processor.py:161} INFO - Started process (PID=493) to work on /opt/airflow/dags/cotacoes_dags.py
[2026-06-07T05:26:31.377+0000] {processor.py:830} INFO - Processing file /opt/airflow/dags/cotacoes_dags.py for tasks to queue
[2026-06-07T05:26:31.381+0000] {logging_mixin.py:188} INFO - [2026-06-07T05:26:31.381+0000] {dagbag.py:545} INFO - Filling up the DagBag from /opt/airflow/dags/cotacoes_dags.py
[2026-06-07T05:26:31.431+0000] {processor.py:840} INFO - DAG(s) 'etl_cotacoes_moedas' retrieved from /opt/airflow/dags/cotacoes_dags.py
[2026-06-07T05:26:31.493+0000] {logging_mixin.py:188} INFO - [2026-06-07T05:26:31.492+0000] {dag.py:3096} INFO - Sync 1 DAGs
[2026-06-07T05:26:31.536+0000] {logging_mixin.py:188} INFO - [2026-06-07T05:26:31.536+0000] {dag.py:3954} INFO - Setting next_dagrun for etl_cotacoes_moedas to 2026-06-07 00:00:00+00:00, run_after=2026-06-08 00:00:00+00:00
[2026-06-07T05:26:31.589+0000] {processor.py:183} INFO - Processing /opt/airflow/dags/cotacoes_dags.py took 0.227 seconds
[2026-06-07T05:27:01.693+0000] {processor.py:161} INFO - Started process (PID=498) to work on /opt/airflow/dags/cotacoes_dags.py
[2026-06-07T05:27:01.695+0000] {processor.py:830} INFO - Processing file /opt/airflow/dags/cotacoes_dags.py for tasks to queue
[2026-06-07T05:27:01.699+0000] {logging_mixin.py:188} INFO - [2026-06-07T05:27:01.699+0000] {dagbag.py:545} INFO - Filling up the DagBag from /opt/airflow/dags/cotacoes_dags.py
[2026-06-07T05:27:01.745+0000] {processor.py:840} INFO - DAG(s) 'etl_cotacoes_moedas' retrieved from /opt/airflow/dags/cotacoes_dags.py
[2026-06-07T05:27:01.796+0000] {logging_mixin.py:188} INFO - [2026-06-07T05:27:01.796+0000] {dag.py:3096} INFO - Sync 1 DAGs
[2026-06-07T05:27:01.831+0000] {logging_mixin.py:188} INFO - [2026-06-07T05:27:01.831+0000] {dag.py:3954} INFO - Setting next_dagrun for etl_cotacoes_moedas to 2026-06-07 00:00:00+00:00, run_after=2026-06-08 00:00:00+00:00
[2026-06-07T05:27:01.888+0000] {processor.py:183} INFO - Processing /opt/airflow/dags/cotacoes_dags.py took 0.206 seconds
[2026-06-07T05:27:32.228+0000] {processor.py:161} INFO - Started process (PID=503) to work on /opt/airflow/dags/cotacoes_dags.py
[2026-06-07T05:27:32.230+0000] {processor.py:830} INFO - Processing file /opt/airflow/dags/cotacoes_dags.py for tasks to queue
[2026-06-07T05:27:32.233+0000] {logging_mixin.py:188} INFO - [2026-06-07T05:27:32.233+0000] {dagbag.py:545} INFO - Filling up the DagBag from /opt/airflow/dags/cotacoes_dags.py
[2026-06-07T05:27:32.284+0000] {processor.py:840} INFO - DAG(s) 'etl_cotacoes_moedas' retrieved from /opt/airflow/dags/cotacoes_dags.py
[2026-06-07T05:27:32.330+0000] {logging_mixin.py:188} INFO - [2026-06-07T05:27:32.330+0000] {dag.py:3096} INFO - Sync 1 DAGs
[2026-06-07T05:27:32.354+0000] {logging_mixin.py:188} INFO - [2026-06-07T05:27:32.354+0000] {dag.py:3954} INFO - Setting next_dagrun for etl_cotacoes_moedas to 2026-06-07 00:00:00+00:00, run_after=2026-06-08 00:00:00+00:00
[2026-06-07T05:27:32.401+0000] {processor.py:183} INFO - Processing /opt/airflow/dags/cotacoes_dags.py took 0.181 seconds
[2026-06-07T05:28:02.563+0000] {processor.py:161} INFO - Started process (PID=508) to work on /opt/airflow/dags/cotacoes_dags.py
[2026-06-07T05:28:02.566+0000] {processor.py:830} INFO - Processing file /opt/airflow/dags/cotacoes_dags.py for tasks to queue
[2026-06-07T05:28:02.570+0000] {logging_mixin.py:188} INFO - [2026-06-07T05:28:02.569+0000] {dagbag.py:545} INFO - Filling up the DagBag from /opt/airflow/dags/cotacoes_dags.py
[2026-06-07T05:28:02.622+0000] {processor.py:840} INFO - DAG(s) 'etl_cotacoes_moedas' retrieved from /opt/airflow/dags/cotacoes_dags.py
[2026-06-07T05:28:02.676+0000] {logging_mixin.py:188} INFO - [2026-06-07T05:28:02.675+0000] {dag.py:3096} INFO - Sync 1 DAGs
[2026-06-07T05:28:02.712+0000] {logging_mixin.py:188} INFO - [2026-06-07T05:28:02.712+0000] {dag.py:3954} INFO - Setting next_dagrun for etl_cotacoes_moedas to 2026-06-07 00:00:00+00:00, run_after=2026-06-08 00:00:00+00:00
[2026-06-07T05:28:02.766+0000] {processor.py:183} INFO - Processing /opt/airflow/dags/cotacoes_dags.py took 0.213 seconds
[2026-06-07T05:28:33.063+0000] {processor.py:161} INFO - Started process (PID=513) to work on /opt/airflow/dags/cotacoes_dags.py
[2026-06-07T05:28:33.065+0000] {processor.py:830} INFO - Processing file /opt/airflow/dags/cotacoes_dags.py for tasks to queue
[2026-06-07T05:28:33.068+0000] {logging_mixin.py:188} INFO - [2026-06-07T05:28:33.068+0000] {dagbag.py:545} INFO - Filling up the DagBag from /opt/airflow/dags/cotacoes_dags.py
[2026-06-07T05:28:33.120+0000] {processor.py:840} INFO - DAG(s) 'etl_cotacoes_moedas' retrieved from /opt/airflow/dags/cotacoes_dags.py
[2026-06-07T05:28:33.160+0000] {logging_mixin.py:188} INFO - [2026-06-07T05:28:33.160+0000] {dag.py:3096} INFO - Sync 1 DAGs
[2026-06-07T05:28:33.187+0000] {logging_mixin.py:188} INFO - [2026-06-07T05:28:33.186+0000] {dag.py:3954} INFO - Setting next_dagrun for etl_cotacoes_moedas to 2026-06-07 00:00:00+00:00, run_after=2026-06-08 00:00:00+00:00
[2026-06-07T05:28:33.213+0000] {processor.py:183} INFO - Processing /opt/airflow/dags/cotacoes_dags.py took 0.162 seconds
[2026-06-07T05:29:03.459+0000] {processor.py:161} INFO - Started process (PID=518) to work on /opt/airflow/dags/cotacoes_dags.py
[2026-06-07T05:29:03.461+0000] {processor.py:830} INFO - Processing file /opt/airflow/dags/cotacoes_dags.py for tasks to queue
[2026-06-07T05:29:03.463+0000] {logging_mixin.py:188} INFO - [2026-06-07T05:29:03.463+0000] {dagbag.py:545} INFO - Filling up the DagBag from /opt/airflow/dags/cotacoes_dags.py
[2026-06-07T05:29:03.510+0000] {processor.py:840} INFO - DAG(s) 'etl_cotacoes_moedas' retrieved from /opt/airflow/dags/cotacoes_dags.py
[2026-06-07T05:29:03.561+0000] {logging_mixin.py:188} INFO - [2026-06-07T05:29:03.561+0000] {dag.py:3096} INFO - Sync 1 DAGs
[2026-06-07T05:29:03.599+0000] {logging_mixin.py:188} INFO - [2026-06-07T05:29:03.598+0000] {dag.py:3954} INFO - Setting next_dagrun for etl_cotacoes_moedas to 2026-06-07 00:00:00+00:00, run_after=2026-06-08 00:00:00+00:00
[2026-06-07T05:29:03.636+0000] {processor.py:183} INFO - Processing /opt/airflow/dags/cotacoes_dags.py took 0.186 seconds
[2026-06-07T05:29:33.922+0000] {processor.py:161} INFO - Started process (PID=523) to work on /opt/airflow/dags/cotacoes_dags.py
[2026-06-07T05:29:33.927+0000] {processor.py:830} INFO - Processing file /opt/airflow/dags/cotacoes_dags.py for tasks to queue
[2026-06-07T05:29:33.937+0000] {logging_mixin.py:188} INFO - [2026-06-07T05:29:33.935+0000] {dagbag.py:545} INFO - Filling up the DagBag from /opt/airflow/dags/cotacoes_dags.py
[2026-06-07T05:29:33.982+0000] {processor.py:840} INFO - DAG(s) 'etl_cotacoes_moedas' retrieved from /opt/airflow/dags/cotacoes_dags.py
[2026-06-07T05:29:34.031+0000] {logging_mixin.py:188} INFO - [2026-06-07T05:29:34.031+0000] {dag.py:3096} INFO - Sync 1 DAGs
[2026-06-07T05:29:34.061+0000] {logging_mixin.py:188} INFO - [2026-06-07T05:29:34.061+0000] {dag.py:3954} INFO - Setting next_dagrun for etl_cotacoes_moedas to 2026-06-07 00:00:00+00:00, run_after=2026-06-08 00:00:00+00:00
[2026-06-07T05:29:34.093+0000] {processor.py:183} INFO - Processing /opt/airflow/dags/cotacoes_dags.py took 0.192 seconds
[2026-06-07T05:30:04.361+0000] {processor.py:161} INFO - Started process (PID=528) to work on /opt/airflow/dags/cotacoes_dags.py
[2026-06-07T05:30:04.363+0000] {processor.py:830} INFO - Processing file /opt/airflow/dags/cotacoes_dags.py for tasks to queue
[2026-06-07T05:30:04.367+0000] {logging_mixin.py:188} INFO - [2026-06-07T05:30:04.366+0000] {dagbag.py:545} INFO - Filling up the DagBag from /opt/airflow/dags/cotacoes_dags.py
[2026-06-07T05:30:04.413+0000] {processor.py:840} INFO - DAG(s) 'etl_cotacoes_moedas' retrieved from /opt/airflow/dags/cotacoes_dags.py
[2026-06-07T05:30:04.472+0000] {logging_mixin.py:188} INFO - [2026-06-07T05:30:04.471+0000] {dag.py:3096} INFO - Sync 1 DAGs
[2026-06-07T05:30:04.515+0000] {logging_mixin.py:188} INFO - [2026-06-07T05:30:04.514+0000] {dag.py:3954} INFO - Setting next_dagrun for etl_cotacoes_moedas to 2026-06-07 00:00:00+00:00, run_after=2026-06-08 00:00:00+00:00
[2026-06-07T05:30:04.566+0000] {processor.py:183} INFO - Processing /opt/airflow/dags/cotacoes_dags.py took 0.219 seconds
[2026-06-07T05:30:34.764+0000] {processor.py:161} INFO - Started process (PID=533) to work on /opt/airflow/dags/cotacoes_dags.py
[2026-06-07T05:30:34.766+0000] {processor.py:830} INFO - Processing file /opt/airflow/dags/cotacoes_dags.py for tasks to queue
[2026-06-07T05:30:34.770+0000] {logging_mixin.py:188} INFO - [2026-06-07T05:30:34.769+0000] {dagbag.py:545} INFO - Filling up the DagBag from /opt/airflow/dags/cotacoes_dags.py
[2026-06-07T05:30:34.822+0000] {processor.py:840} INFO - DAG(s) 'etl_cotacoes_moedas' retrieved from /opt/airflow/dags/cotacoes_dags.py
[2026-06-07T05:30:34.879+0000] {logging_mixin.py:188} INFO - [2026-06-07T05:30:34.878+0000] {dag.py:3096} INFO - Sync 1 DAGs
[2026-06-07T05:30:34.911+0000] {logging_mixin.py:188} INFO - [2026-06-07T05:30:34.910+0000] {dag.py:3954} INFO - Setting next_dagrun for etl_cotacoes_moedas to 2026-06-07 00:00:00+00:00, run_after=2026-06-08 00:00:00+00:00
[2026-06-07T05:30:34.962+0000] {processor.py:183} INFO - Processing /opt/airflow/dags/cotacoes_dags.py took 0.209 seconds
[2026-06-07T05:31:05.361+0000] {processor.py:161} INFO - Started process (PID=538) to work on /opt/airflow/dags/cotacoes_dags.py
[2026-06-07T05:31:05.363+0000] {processor.py:830} INFO - Processing file /opt/airflow/dags/cotacoes_dags.py for tasks to queue
[2026-06-07T05:31:05.368+0000] {logging_mixin.py:188} INFO - [2026-06-07T05:31:05.367+0000] {dagbag.py:545} INFO - Filling up the DagBag from /opt/airflow/dags/cotacoes_dags.py
[2026-06-07T05:31:05.421+0000] {processor.py:840} INFO - DAG(s) 'etl_cotacoes_moedas' retrieved from /opt/airflow/dags/cotacoes_dags.py
[2026-06-07T05:31:05.467+0000] {logging_mixin.py:188} INFO - [2026-06-07T05:31:05.467+0000] {dag.py:3096} INFO - Sync 1 DAGs
[2026-06-07T05:31:05.496+0000] {logging_mixin.py:188} INFO - [2026-06-07T05:31:05.496+0000] {dag.py:3954} INFO - Setting next_dagrun for etl_cotacoes_moedas to 2026-06-07 00:00:00+00:00, run_after=2026-06-08 00:00:00+00:00
[2026-06-07T05:31:05.544+0000] {processor.py:183} INFO - Processing /opt/airflow/dags/cotacoes_dags.py took 0.194 seconds
[2026-06-07T05:31:35.705+0000] {processor.py:161} INFO - Started process (PID=543) to work on /opt/airflow/dags/cotacoes_dags.py
[2026-06-07T05:31:35.708+0000] {processor.py:830} INFO - Processing file /opt/airflow/dags/cotacoes_dags.py for tasks to queue
[2026-06-07T05:31:35.711+0000] {logging_mixin.py:188} INFO - [2026-06-07T05:31:35.710+0000] {dagbag.py:545} INFO - Filling up the DagBag from /opt/airflow/dags/cotacoes_dags.py
[2026-06-07T05:31:35.780+0000] {processor.py:840} INFO - DAG(s) 'etl_cotacoes_moedas' retrieved from /opt/airflow/dags/cotacoes_dags.py
[2026-06-07T05:31:35.854+0000] {logging_mixin.py:188} INFO - [2026-06-07T05:31:35.853+0000] {dag.py:3096} INFO - Sync 1 DAGs
[2026-06-07T05:31:35.889+0000] {logging_mixin.py:188} INFO - [2026-06-07T05:31:35.888+0000] {dag.py:3954} INFO - Setting next_dagrun for etl_cotacoes_moedas to 2026-06-07 00:00:00+00:00, run_after=2026-06-08 00:00:00+00:00
[2026-06-07T05:31:35.909+0000] {processor.py:183} INFO - Processing /opt/airflow/dags/cotacoes_dags.py took 0.215 seconds
[2026-06-07T05:32:06.101+0000] {processor.py:161} INFO - Started process (PID=548) to work on /opt/airflow/dags/cotacoes_dags.py
[2026-06-07T05:32:06.105+0000] {processor.py:830} INFO - Processing file /opt/airflow/dags/cotacoes_dags.py for tasks to queue
[2026-06-07T05:32:06.110+0000] {logging_mixin.py:188} INFO - [2026-06-07T05:32:06.109+0000] {dagbag.py:545} INFO - Filling up the DagBag from /opt/airflow/dags/cotacoes_dags.py
[2026-06-07T05:32:06.170+0000] {processor.py:840} INFO - DAG(s) 'etl_cotacoes_moedas' retrieved from /opt/airflow/dags/cotacoes_dags.py
[2026-06-07T05:32:06.231+0000] {logging_mixin.py:188} INFO - [2026-06-07T05:32:06.230+0000] {dag.py:3096} INFO - Sync 1 DAGs
[2026-06-07T05:32:06.274+0000] {logging_mixin.py:188} INFO - [2026-06-07T05:32:06.273+0000] {dag.py:3954} INFO - Setting next_dagrun for etl_cotacoes_moedas to 2026-06-07 00:00:00+00:00, run_after=2026-06-08 00:00:00+00:00
[2026-06-07T05:32:06.313+0000] {processor.py:183} INFO - Processing /opt/airflow/dags/cotacoes_dags.py took 0.234 seconds
[2026-06-07T05:32:36.639+0000] {processor.py:161} INFO - Started process (PID=553) to work on /opt/airflow/dags/cotacoes_dags.py
[2026-06-07T05:32:36.642+0000] {processor.py:830} INFO - Processing file /opt/airflow/dags/cotacoes_dags.py for tasks to queue
[2026-06-07T05:32:36.648+0000] {logging_mixin.py:188} INFO - [2026-06-07T05:32:36.647+0000] {dagbag.py:545} INFO - Filling up the DagBag from /opt/airflow/dags/cotacoes_dags.py
[2026-06-07T05:32:36.722+0000] {processor.py:840} INFO - DAG(s) 'etl_cotacoes_moedas' retrieved from /opt/airflow/dags/cotacoes_dags.py
[2026-06-07T05:32:36.805+0000] {logging_mixin.py:188} INFO - [2026-06-07T05:32:36.804+0000] {dag.py:3096} INFO - Sync 1 DAGs
[2026-06-07T05:32:36.896+0000] {logging_mixin.py:188} INFO - [2026-06-07T05:32:36.895+0000] {dag.py:3954} INFO - Setting next_dagrun for etl_cotacoes_moedas to 2026-06-07 00:00:00+00:00, run_after=2026-06-08 00:00:00+00:00
[2026-06-07T05:32:36.972+0000] {processor.py:183} INFO - Processing /opt/airflow/dags/cotacoes_dags.py took 0.348 seconds
[2026-06-07T05:33:07.440+0000] {processor.py:161} INFO - Started process (PID=558) to work on /opt/airflow/dags/cotacoes_dags.py
[2026-06-07T05:33:07.443+0000] {processor.py:830} INFO - Processing file /opt/airflow/dags/cotacoes_dags.py for tasks to queue
[2026-06-07T05:33:07.448+0000] {logging_mixin.py:188} INFO - [2026-06-07T05:33:07.447+0000] {dagbag.py:545} INFO - Filling up the DagBag from /opt/airflow/dags/cotacoes_dags.py
[2026-06-07T05:33:07.521+0000] {processor.py:840} INFO - DAG(s) 'etl_cotacoes_moedas' retrieved from /opt/airflow/dags/cotacoes_dags.py
[2026-06-07T05:33:07.609+0000] {logging_mixin.py:188} INFO - [2026-06-07T05:33:07.609+0000] {dag.py:3096} INFO - Sync 1 DAGs
[2026-06-07T05:33:07.645+0000] {logging_mixin.py:188} INFO - [2026-06-07T05:33:07.645+0000] {dag.py:3954} INFO - Setting next_dagrun for etl_cotacoes_moedas to 2026-06-07 00:00:00+00:00, run_after=2026-06-08 00:00:00+00:00
[2026-06-07T05:33:07.714+0000] {processor.py:183} INFO - Processing /opt/airflow/dags/cotacoes_dags.py took 0.283 seconds
[2026-06-07T05:33:26.008+0000] {processor.py:161} INFO - Started process (PID=563) to work on /opt/airflow/dags/cotacoes_dags.py
[2026-06-07T05:33:26.010+0000] {processor.py:830} INFO - Processing file /opt/airflow/dags/cotacoes_dags.py for tasks to queue
[2026-06-07T05:33:26.012+0000] {logging_mixin.py:188} INFO - [2026-06-07T05:33:26.012+0000] {dagbag.py:545} INFO - Filling up the DagBag from /opt/airflow/dags/cotacoes_dags.py
[2026-06-07T05:33:26.098+0000] {processor.py:840} INFO - DAG(s) 'etl_cotacoes_moedas' retrieved from /opt/airflow/dags/cotacoes_dags.py
[2026-06-07T05:33:26.153+0000] {logging_mixin.py:188} INFO - [2026-06-07T05:33:26.153+0000] {dag.py:3096} INFO - Sync 1 DAGs
[2026-06-07T05:33:26.175+0000] {logging_mixin.py:188} INFO - [2026-06-07T05:33:26.175+0000] {dag.py:3954} INFO - Setting next_dagrun for etl_cotacoes_moedas to 2026-06-07 00:00:00+00:00, run_after=2026-06-08 00:00:00+00:00
[2026-06-07T05:33:26.239+0000] {processor.py:183} INFO - Processing /opt/airflow/dags/cotacoes_dags.py took 0.242 seconds
[2026-06-07T05:33:29.068+0000] {processor.py:161} INFO - Started process (PID=568) to work on /opt/airflow/dags/cotacoes_dags.py
[2026-06-07T05:33:29.071+0000] {processor.py:830} INFO - Processing file /opt/airflow/dags/cotacoes_dags.py for tasks to queue
[2026-06-07T05:33:29.074+0000] {logging_mixin.py:188} INFO - [2026-06-07T05:33:29.074+0000] {dagbag.py:545} INFO - Filling up the DagBag from /opt/airflow/dags/cotacoes_dags.py
[2026-06-07T05:33:29.134+0000] {processor.py:840} INFO - DAG(s) 'etl_cotacoes_moedas' retrieved from /opt/airflow/dags/cotacoes_dags.py
[2026-06-07T05:33:29.179+0000] {logging_mixin.py:188} INFO - [2026-06-07T05:33:29.178+0000] {dag.py:3096} INFO - Sync 1 DAGs
[2026-06-07T05:33:29.212+0000] {logging_mixin.py:188} INFO - [2026-06-07T05:33:29.212+0000] {dag.py:3954} INFO - Setting next_dagrun for etl_cotacoes_moedas to 2026-06-07 00:00:00+00:00, run_after=2026-06-08 00:00:00+00:00
[2026-06-07T05:33:29.255+0000] {processor.py:183} INFO - Processing /opt/airflow/dags/cotacoes_dags.py took 0.203 seconds
[2026-06-07T05:33:40.218+0000] {processor.py:161} INFO - Started process (PID=573) to work on /opt/airflow/dags/cotacoes_dags.py
[2026-06-07T05:33:40.222+0000] {processor.py:830} INFO - Processing file /opt/airflow/dags/cotacoes_dags.py for tasks to queue
[2026-06-07T05:33:40.227+0000] {logging_mixin.py:188} INFO - [2026-06-07T05:33:40.226+0000] {dagbag.py:545} INFO - Filling up the DagBag from /opt/airflow/dags/cotacoes_dags.py
[2026-06-07T05:33:40.364+0000] {processor.py:840} INFO - DAG(s) 'etl_cotacoes_moedas' retrieved from /opt/airflow/dags/cotacoes_dags.py
[2026-06-07T05:33:40.433+0000] {logging_mixin.py:188} INFO - [2026-06-07T05:33:40.432+0000] {dag.py:3096} INFO - Sync 1 DAGs
[2026-06-07T05:33:40.484+0000] {logging_mixin.py:188} INFO - [2026-06-07T05:33:40.483+0000] {dag.py:3954} INFO - Setting next_dagrun for etl_cotacoes_moedas to 2026-06-07 00:00:00+00:00, run_after=2026-06-08 00:00:00+00:00
[2026-06-07T05:33:40.557+0000] {processor.py:183} INFO - Processing /opt/airflow/dags/cotacoes_dags.py took 0.355 seconds
[2026-06-07T05:33:43.513+0000] {processor.py:161} INFO - Started process (PID=578) to work on /opt/airflow/dags/cotacoes_dags.py
[2026-06-07T05:33:43.516+0000] {processor.py:830} INFO - Processing file /opt/airflow/dags/cotacoes_dags.py for tasks to queue
[2026-06-07T05:33:43.522+0000] {logging_mixin.py:188} INFO - [2026-06-07T05:33:43.521+0000] {dagbag.py:545} INFO - Filling up the DagBag from /opt/airflow/dags/cotacoes_dags.py
[2026-06-07T05:33:43.646+0000] {processor.py:840} INFO - DAG(s) 'etl_cotacoes_moedas' retrieved from /opt/airflow/dags/cotacoes_dags.py
[2026-06-07T05:33:43.745+0000] {logging_mixin.py:188} INFO - [2026-06-07T05:33:43.744+0000] {dag.py:3096} INFO - Sync 1 DAGs
[2026-06-07T05:33:43.764+0000] {logging_mixin.py:188} INFO - [2026-06-07T05:33:43.764+0000] {dag.py:3954} INFO - Setting next_dagrun for etl_cotacoes_moedas to 2026-06-07 00:00:00+00:00, run_after=2026-06-08 00:00:00+00:00
[2026-06-07T05:33:43.786+0000] {processor.py:183} INFO - Processing /opt/airflow/dags/cotacoes_dags.py took 0.289 seconds
[2026-06-07T05:33:54.866+0000] {processor.py:161} INFO - Started process (PID=583) to work on /opt/airflow/dags/cotacoes_dags.py
[2026-06-07T05:33:54.869+0000] {processor.py:830} INFO - Processing file /opt/airflow/dags/cotacoes_dags.py for tasks to queue
[2026-06-07T05:33:54.873+0000] {logging_mixin.py:188} INFO - [2026-06-07T05:33:54.872+0000] {dagbag.py:545} INFO - Filling up the DagBag from /opt/airflow/dags/cotacoes_dags.py
[2026-06-07T05:33:54.991+0000] {processor.py:840} INFO - DAG(s) 'etl_cotacoes_moedas' retrieved from /opt/airflow/dags/cotacoes_dags.py
[2026-06-07T05:33:55.120+0000] {logging_mixin.py:188} INFO - [2026-06-07T05:33:55.119+0000] {dag.py:3096} INFO - Sync 1 DAGs
[2026-06-07T05:33:55.216+0000] {logging_mixin.py:188} INFO - [2026-06-07T05:33:55.216+0000] {dag.py:3954} INFO - Setting next_dagrun for etl_cotacoes_moedas to 2026-06-07 00:00:00+00:00, run_after=2026-06-08 00:00:00+00:00
[2026-06-07T05:33:55.288+0000] {processor.py:183} INFO - Processing /opt/airflow/dags/cotacoes_dags.py took 0.434 seconds
[2026-06-07T05:34:05.084+0000] {processor.py:161} INFO - Started process (PID=588) to work on /opt/airflow/dags/cotacoes_dags.py
[2026-06-07T05:34:05.087+0000] {processor.py:830} INFO - Processing file /opt/airflow/dags/cotacoes_dags.py for tasks to queue
[2026-06-07T05:34:05.092+0000] {logging_mixin.py:188} INFO - [2026-06-07T05:34:05.091+0000] {dagbag.py:545} INFO - Filling up the DagBag from /opt/airflow/dags/cotacoes_dags.py
[2026-06-07T05:34:05.177+0000] {processor.py:840} INFO - DAG(s) 'etl_cotacoes_moedas' retrieved from /opt/airflow/dags/cotacoes_dags.py
[2026-06-07T05:34:05.234+0000] {logging_mixin.py:188} INFO - [2026-06-07T05:34:05.234+0000] {dag.py:3096} INFO - Sync 1 DAGs
[2026-06-07T05:34:05.266+0000] {logging_mixin.py:188} INFO - [2026-06-07T05:34:05.266+0000] {dag.py:3954} INFO - Setting next_dagrun for etl_cotacoes_moedas to 2026-06-07 00:00:00+00:00, run_after=2026-06-08 00:00:00+00:00
[2026-06-07T05:34:05.315+0000] {processor.py:183} INFO - Processing /opt/airflow/dags/cotacoes_dags.py took 0.247 seconds
[2026-06-07T05:34:13.512+0000] {processor.py:161} INFO - Started process (PID=593) to work on /opt/airflow/dags/cotacoes_dags.py
[2026-06-07T05:34:13.515+0000] {processor.py:830} INFO - Processing file /opt/airflow/dags/cotacoes_dags.py for tasks to queue
[2026-06-07T05:34:13.518+0000] {logging_mixin.py:188} INFO - [2026-06-07T05:34:13.517+0000] {dagbag.py:545} INFO - Filling up the DagBag from /opt/airflow/dags/cotacoes_dags.py
[2026-06-07T05:34:13.617+0000] {processor.py:840} INFO - DAG(s) 'etl_cotacoes_moedas' retrieved from /opt/airflow/dags/cotacoes_dags.py
[2026-06-07T05:34:13.764+0000] {logging_mixin.py:188} INFO - [2026-06-07T05:34:13.763+0000] {dag.py:3096} INFO - Sync 1 DAGs
[2026-06-07T05:34:13.860+0000] {logging_mixin.py:188} INFO - [2026-06-07T05:34:13.859+0000] {dag.py:3954} INFO - Setting next_dagrun for etl_cotacoes_moedas to 2026-06-07 00:00:00+00:00, run_after=2026-06-08 00:00:00+00:00
[2026-06-07T05:34:13.914+0000] {processor.py:183} INFO - Processing /opt/airflow/dags/cotacoes_dags.py took 0.418 seconds
[2026-06-07T05:34:25.706+0000] {processor.py:161} INFO - Started process (PID=598) to work on /opt/airflow/dags/cotacoes_dags.py
[2026-06-07T05:34:25.709+0000] {processor.py:830} INFO - Processing file /opt/airflow/dags/cotacoes_dags.py for tasks to queue
[2026-06-07T05:34:25.715+0000] {logging_mixin.py:188} INFO - [2026-06-07T05:34:25.713+0000] {dagbag.py:545} INFO - Filling up the DagBag from /opt/airflow/dags/cotacoes_dags.py
[2026-06-07T05:34:25.831+0000] {processor.py:840} INFO - DAG(s) 'etl_cotacoes_moedas' retrieved from /opt/airflow/dags/cotacoes_dags.py
[2026-06-07T05:34:25.956+0000] {logging_mixin.py:188} INFO - [2026-06-07T05:34:25.956+0000] {dag.py:3096} INFO - Sync 1 DAGs
[2026-06-07T05:34:26.022+0000] {logging_mixin.py:188} INFO - [2026-06-07T05:34:26.021+0000] {dag.py:3954} INFO - Setting next_dagrun for etl_cotacoes_moedas to 2026-06-07 00:00:00+00:00, run_after=2026-06-08 00:00:00+00:00
[2026-06-07T05:34:26.096+0000] {processor.py:183} INFO - Processing /opt/airflow/dags/cotacoes_dags.py took 0.405 seconds
[2026-06-07T05:34:30.281+0000] {processor.py:161} INFO - Started process (PID=603) to work on /opt/airflow/dags/cotacoes_dags.py
[2026-06-07T05:34:30.286+0000] {processor.py:830} INFO - Processing file /opt/airflow/dags/cotacoes_dags.py for tasks to queue
[2026-06-07T05:34:30.294+0000] {logging_mixin.py:188} INFO - [2026-06-07T05:34:30.293+0000] {dagbag.py:545} INFO - Filling up the DagBag from /opt/airflow/dags/cotacoes_dags.py
[2026-06-07T05:34:30.450+0000] {processor.py:840} INFO - DAG(s) 'etl_cotacoes_moedas' retrieved from /opt/airflow/dags/cotacoes_dags.py
[2026-06-07T05:34:30.566+0000] {logging_mixin.py:188} INFO - [2026-06-07T05:34:30.565+0000] {dag.py:3096} INFO - Sync 1 DAGs
[2026-06-07T05:34:30.636+0000] {logging_mixin.py:188} INFO - [2026-06-07T05:34:30.636+0000] {dag.py:3954} INFO - Setting next_dagrun for etl_cotacoes_moedas to 2026-06-07 00:00:00+00:00, run_after=2026-06-08 00:00:00+00:00
[2026-06-07T05:34:30.725+0000] {processor.py:183} INFO - Processing /opt/airflow/dags/cotacoes_dags.py took 0.459 seconds
[2026-06-07T05:34:41.399+0000] {processor.py:161} INFO - Started process (PID=608) to work on /opt/airflow/dags/cotacoes_dags.py
[2026-06-07T05:34:41.403+0000] {processor.py:830} INFO - Processing file /opt/airflow/dags/cotacoes_dags.py for tasks to queue
[2026-06-07T05:34:41.408+0000] {logging_mixin.py:188} INFO - [2026-06-07T05:34:41.407+0000] {dagbag.py:545} INFO - Filling up the DagBag from /opt/airflow/dags/cotacoes_dags.py
[2026-06-07T05:34:41.508+0000] {processor.py:840} INFO - DAG(s) 'etl_cotacoes_moedas' retrieved from /opt/airflow/dags/cotacoes_dags.py
[2026-06-07T05:34:41.616+0000] {logging_mixin.py:188} INFO - [2026-06-07T05:34:41.615+0000] {dag.py:3096} INFO - Sync 1 DAGs
[2026-06-07T05:34:41.657+0000] {logging_mixin.py:188} INFO - [2026-06-07T05:34:41.656+0000] {dag.py:3954} INFO - Setting next_dagrun for etl_cotacoes_moedas to 2026-06-07 00:00:00+00:00, run_after=2026-06-08 00:00:00+00:00
[2026-06-07T05:34:41.718+0000] {processor.py:183} INFO - Processing /opt/airflow/dags/cotacoes_dags.py took 0.329 seconds
[2026-06-07T05:34:46.500+0000] {processor.py:161} INFO - Started process (PID=613) to work on /opt/airflow/dags/cotacoes_dags.py
[2026-06-07T05:34:46.504+0000] {processor.py:830} INFO - Processing file /opt/airflow/dags/cotacoes_dags.py for tasks to queue
[2026-06-07T05:34:46.508+0000] {logging_mixin.py:188} INFO - [2026-06-07T05:34:46.508+0000] {dagbag.py:545} INFO - Filling up the DagBag from /opt/airflow/dags/cotacoes_dags.py
[2026-06-07T05:34:46.595+0000] {processor.py:840} INFO - DAG(s) 'etl_cotacoes_moedas' retrieved from /opt/airflow/dags/cotacoes_dags.py
[2026-06-07T05:34:46.640+0000] {logging_mixin.py:188} INFO - [2026-06-07T05:34:46.640+0000] {dag.py:3096} INFO - Sync 1 DAGs
[2026-06-07T05:34:46.661+0000] {logging_mixin.py:188} INFO - [2026-06-07T05:34:46.660+0000] {dag.py:3954} INFO - Setting next_dagrun for etl_cotacoes_moedas to 2026-06-07 00:00:00+00:00, run_after=2026-06-08 00:00:00+00:00
[2026-06-07T05:34:46.693+0000] {processor.py:183} INFO - Processing /opt/airflow/dags/cotacoes_dags.py took 0.211 seconds
[2026-06-07T05:35:07.979+0000] {processor.py:161} INFO - Started process (PID=618) to work on /opt/airflow/dags/cotacoes_dags.py
[2026-06-07T05:35:07.981+0000] {processor.py:830} INFO - Processing file /opt/airflow/dags/cotacoes_dags.py for tasks to queue
[2026-06-07T05:35:07.988+0000] {logging_mixin.py:188} INFO - [2026-06-07T05:35:07.987+0000] {dagbag.py:545} INFO - Filling up the DagBag from /opt/airflow/dags/cotacoes_dags.py
[2026-06-07T05:35:08.090+0000] {processor.py:840} INFO - DAG(s) 'etl_cotacoes_moedas' retrieved from /opt/airflow/dags/cotacoes_dags.py
[2026-06-07T05:35:08.222+0000] {logging_mixin.py:188} INFO - [2026-06-07T05:35:08.221+0000] {dag.py:3096} INFO - Sync 1 DAGs
[2026-06-07T05:35:08.324+0000] {logging_mixin.py:188} INFO - [2026-06-07T05:35:08.323+0000] {dag.py:3954} INFO - Setting next_dagrun for etl_cotacoes_moedas to 2026-06-07 00:00:00+00:00, run_after=2026-06-08 00:00:00+00:00
[2026-06-07T05:35:08.411+0000] {processor.py:183} INFO - Processing /opt/airflow/dags/cotacoes_dags.py took 0.446 seconds
[2026-06-07T05:35:13.091+0000] {processor.py:161} INFO - Started process (PID=623) to work on /opt/airflow/dags/cotacoes_dags.py
[2026-06-07T05:35:13.092+0000] {processor.py:830} INFO - Processing file /opt/airflow/dags/cotacoes_dags.py for tasks to queue
[2026-06-07T05:35:13.096+0000] {logging_mixin.py:188} INFO - [2026-06-07T05:35:13.096+0000] {dagbag.py:545} INFO - Filling up the DagBag from /opt/airflow/dags/cotacoes_dags.py
[2026-06-07T05:35:13.195+0000] {processor.py:840} INFO - DAG(s) 'etl_cotacoes_moedas' retrieved from /opt/airflow/dags/cotacoes_dags.py
[2026-06-07T05:35:13.306+0000] {logging_mixin.py:188} INFO - [2026-06-07T05:35:13.305+0000] {dag.py:3096} INFO - Sync 1 DAGs
[2026-06-07T05:35:13.331+0000] {logging_mixin.py:188} INFO - [2026-06-07T05:35:13.331+0000] {dag.py:3954} INFO - Setting next_dagrun for etl_cotacoes_moedas to 2026-06-07 00:00:00+00:00, run_after=2026-06-08 00:00:00+00:00
[2026-06-07T05:35:13.363+0000] {processor.py:183} INFO - Processing /opt/airflow/dags/cotacoes_dags.py took 0.281 seconds
[2026-06-07T05:35:17.132+0000] {processor.py:161} INFO - Started process (PID=628) to work on /opt/airflow/dags/cotacoes_dags.py
[2026-06-07T05:35:17.135+0000] {processor.py:830} INFO - Processing file /opt/airflow/dags/cotacoes_dags.py for tasks to queue
[2026-06-07T05:35:17.140+0000] {logging_mixin.py:188} INFO - [2026-06-07T05:35:17.140+0000] {dagbag.py:545} INFO - Filling up the DagBag from /opt/airflow/dags/cotacoes_dags.py
[2026-06-07T05:35:17.187+0000] {logging_mixin.py:188} INFO - [2026-06-07T05:35:17.181+0000] {dagbag.py:355} ERROR - Failed to import: /opt/airflow/dags/cotacoes_dags.py
Traceback (most recent call last):
  File "/home/airflow/.local/lib/python3.11/site-packages/airflow/models/dagbag.py", line 351, in parse
    loader.exec_module(new_module)
  File "<frozen importlib._bootstrap_external>", line 936, in exec_module
  File "<frozen importlib._bootstrap_external>", line 1074, in get_code
  File "<frozen importlib._bootstrap_external>", line 1004, in source_to_code
  File "<frozen importlib._bootstrap>", line 241, in _call_with_frames_removed
  File "/opt/airflow/dags/cotacoes_dags.py", line 130
    -----------------------------------------------------------
                                                               ^
SyntaxError: invalid syntax
[2026-06-07T05:35:17.190+0000] {processor.py:842} WARNING - No viable dags retrieved from /opt/airflow/dags/cotacoes_dags.py
[2026-06-07T05:35:17.239+0000] {processor.py:183} INFO - Processing /opt/airflow/dags/cotacoes_dags.py took 0.116 seconds
[2026-06-07T05:35:21.223+0000] {processor.py:161} INFO - Started process (PID=633) to work on /opt/airflow/dags/cotacoes_dags.py
[2026-06-07T05:35:21.226+0000] {processor.py:830} INFO - Processing file /opt/airflow/dags/cotacoes_dags.py for tasks to queue
[2026-06-07T05:35:21.230+0000] {logging_mixin.py:188} INFO - [2026-06-07T05:35:21.230+0000] {dagbag.py:545} INFO - Filling up the DagBag from /opt/airflow/dags/cotacoes_dags.py
[2026-06-07T05:35:21.311+0000] {processor.py:840} INFO - DAG(s) 'etl_cotacoes_moedas' retrieved from /opt/airflow/dags/cotacoes_dags.py
[2026-06-07T05:35:21.364+0000] {logging_mixin.py:188} INFO - [2026-06-07T05:35:21.364+0000] {dag.py:3096} INFO - Sync 1 DAGs
[2026-06-07T05:35:21.401+0000] {logging_mixin.py:188} INFO - [2026-06-07T05:35:21.400+0000] {dag.py:3954} INFO - Setting next_dagrun for etl_cotacoes_moedas to 2026-06-07 00:00:00+00:00, run_after=2026-06-08 00:00:00+00:00
[2026-06-07T05:35:21.483+0000] {processor.py:183} INFO - Processing /opt/airflow/dags/cotacoes_dags.py took 0.271 seconds
[2026-06-07T05:35:29.588+0000] {processor.py:161} INFO - Started process (PID=638) to work on /opt/airflow/dags/cotacoes_dags.py
[2026-06-07T05:35:29.592+0000] {processor.py:830} INFO - Processing file /opt/airflow/dags/cotacoes_dags.py for tasks to queue
[2026-06-07T05:35:29.599+0000] {logging_mixin.py:188} INFO - [2026-06-07T05:35:29.598+0000] {dagbag.py:545} INFO - Filling up the DagBag from /opt/airflow/dags/cotacoes_dags.py
[2026-06-07T05:35:29.731+0000] {processor.py:840} INFO - DAG(s) 'etl_cotacoes_moedas' retrieved from /opt/airflow/dags/cotacoes_dags.py
[2026-06-07T05:35:29.825+0000] {logging_mixin.py:188} INFO - [2026-06-07T05:35:29.824+0000] {dag.py:3096} INFO - Sync 1 DAGs
[2026-06-07T05:35:29.887+0000] {logging_mixin.py:188} INFO - [2026-06-07T05:35:29.886+0000] {dag.py:3954} INFO - Setting next_dagrun for etl_cotacoes_moedas to 2026-06-07 00:00:00+00:00, run_after=2026-06-08 00:00:00+00:00
[2026-06-07T05:35:29.992+0000] {processor.py:183} INFO - Processing /opt/airflow/dags/cotacoes_dags.py took 0.426 seconds
[2026-06-07T05:35:35.195+0000] {processor.py:161} INFO - Started process (PID=643) to work on /opt/airflow/dags/cotacoes_dags.py
[2026-06-07T05:35:35.198+0000] {processor.py:830} INFO - Processing file /opt/airflow/dags/cotacoes_dags.py for tasks to queue
[2026-06-07T05:35:35.201+0000] {logging_mixin.py:188} INFO - [2026-06-07T05:35:35.201+0000] {dagbag.py:545} INFO - Filling up the DagBag from /opt/airflow/dags/cotacoes_dags.py
[2026-06-07T05:35:35.316+0000] {processor.py:840} INFO - DAG(s) 'etl_cotacoes_moedas' retrieved from /opt/airflow/dags/cotacoes_dags.py
[2026-06-07T05:35:35.394+0000] {logging_mixin.py:188} INFO - [2026-06-07T05:35:35.393+0000] {dag.py:3096} INFO - Sync 1 DAGs
[2026-06-07T05:35:35.423+0000] {logging_mixin.py:188} INFO - [2026-06-07T05:35:35.423+0000] {dag.py:3954} INFO - Setting next_dagrun for etl_cotacoes_moedas to 2026-06-07 00:00:00+00:00, run_after=2026-06-08 00:00:00+00:00
[2026-06-07T05:35:35.500+0000] {processor.py:183} INFO - Processing /opt/airflow/dags/cotacoes_dags.py took 0.316 seconds
[2026-06-07T05:35:43.289+0000] {processor.py:161} INFO - Started process (PID=648) to work on /opt/airflow/dags/cotacoes_dags.py
[2026-06-07T05:35:43.291+0000] {processor.py:830} INFO - Processing file /opt/airflow/dags/cotacoes_dags.py for tasks to queue
[2026-06-07T05:35:43.295+0000] {logging_mixin.py:188} INFO - [2026-06-07T05:35:43.295+0000] {dagbag.py:545} INFO - Filling up the DagBag from /opt/airflow/dags/cotacoes_dags.py
[2026-06-07T05:35:43.391+0000] {processor.py:840} INFO - DAG(s) 'etl_cotacoes_moedas' retrieved from /opt/airflow/dags/cotacoes_dags.py
[2026-06-07T05:35:43.480+0000] {logging_mixin.py:188} INFO - [2026-06-07T05:35:43.479+0000] {dag.py:3096} INFO - Sync 1 DAGs
[2026-06-07T05:35:43.533+0000] {logging_mixin.py:188} INFO - [2026-06-07T05:35:43.532+0000] {dag.py:3954} INFO - Setting next_dagrun for etl_cotacoes_moedas to 2026-06-07 00:00:00+00:00, run_after=2026-06-08 00:00:00+00:00
[2026-06-07T05:35:43.600+0000] {processor.py:183} INFO - Processing /opt/airflow/dags/cotacoes_dags.py took 0.325 seconds
[2026-06-07T05:35:48.407+0000] {processor.py:161} INFO - Started process (PID=653) to work on /opt/airflow/dags/cotacoes_dags.py
[2026-06-07T05:35:48.410+0000] {processor.py:830} INFO - Processing file /opt/airflow/dags/cotacoes_dags.py for tasks to queue
[2026-06-07T05:35:48.416+0000] {logging_mixin.py:188} INFO - [2026-06-07T05:35:48.415+0000] {dagbag.py:545} INFO - Filling up the DagBag from /opt/airflow/dags/cotacoes_dags.py
[2026-06-07T05:35:48.508+0000] {processor.py:840} INFO - DAG(s) 'etl_cotacoes_moedas' retrieved from /opt/airflow/dags/cotacoes_dags.py
[2026-06-07T05:35:48.563+0000] {logging_mixin.py:188} INFO - [2026-06-07T05:35:48.562+0000] {dag.py:3096} INFO - Sync 1 DAGs
[2026-06-07T05:35:48.597+0000] {logging_mixin.py:188} INFO - [2026-06-07T05:35:48.597+0000] {dag.py:3954} INFO - Setting next_dagrun for etl_cotacoes_moedas to 2026-06-07 00:00:00+00:00, run_after=2026-06-08 00:00:00+00:00
[2026-06-07T05:35:48.632+0000] {processor.py:183} INFO - Processing /opt/airflow/dags/cotacoes_dags.py took 0.237 seconds
[2026-06-07T05:35:50.500+0000] {processor.py:161} INFO - Started process (PID=658) to work on /opt/airflow/dags/cotacoes_dags.py
[2026-06-07T05:35:50.506+0000] {processor.py:830} INFO - Processing file /opt/airflow/dags/cotacoes_dags.py for tasks to queue
[2026-06-07T05:35:50.521+0000] {logging_mixin.py:188} INFO - [2026-06-07T05:35:50.517+0000] {dagbag.py:545} INFO - Filling up the DagBag from /opt/airflow/dags/cotacoes_dags.py
[2026-06-07T05:35:50.624+0000] {processor.py:840} INFO - DAG(s) 'etl_cotacoes_moedas' retrieved from /opt/airflow/dags/cotacoes_dags.py
[2026-06-07T05:35:50.716+0000] {logging_mixin.py:188} INFO - [2026-06-07T05:35:50.715+0000] {dag.py:3096} INFO - Sync 1 DAGs
[2026-06-07T05:35:50.778+0000] {logging_mixin.py:188} INFO - [2026-06-07T05:35:50.778+0000] {dag.py:3954} INFO - Setting next_dagrun for etl_cotacoes_moedas to 2026-06-07 00:00:00+00:00, run_after=2026-06-08 00:00:00+00:00
[2026-06-07T05:35:50.812+0000] {processor.py:183} INFO - Processing /opt/airflow/dags/cotacoes_dags.py took 0.349 seconds
[2026-06-07T05:35:51.928+0000] {processor.py:161} INFO - Started process (PID=663) to work on /opt/airflow/dags/cotacoes_dags.py
[2026-06-07T05:35:51.933+0000] {processor.py:830} INFO - Processing file /opt/airflow/dags/cotacoes_dags.py for tasks to queue
[2026-06-07T05:35:51.938+0000] {logging_mixin.py:188} INFO - [2026-06-07T05:35:51.938+0000] {dagbag.py:545} INFO - Filling up the DagBag from /opt/airflow/dags/cotacoes_dags.py
[2026-06-07T05:35:52.023+0000] {processor.py:840} INFO - DAG(s) 'etl_cotacoes_moedas' retrieved from /opt/airflow/dags/cotacoes_dags.py
[2026-06-07T05:35:52.093+0000] {logging_mixin.py:188} INFO - [2026-06-07T05:35:52.092+0000] {dag.py:3096} INFO - Sync 1 DAGs
[2026-06-07T05:35:52.118+0000] {logging_mixin.py:188} INFO - [2026-06-07T05:35:52.118+0000] {dag.py:3954} INFO - Setting next_dagrun for etl_cotacoes_moedas to 2026-06-07 00:00:00+00:00, run_after=2026-06-08 00:00:00+00:00
[2026-06-07T05:35:52.149+0000] {processor.py:183} INFO - Processing /opt/airflow/dags/cotacoes_dags.py took 0.235 seconds
[2026-06-07T05:35:59.047+0000] {processor.py:161} INFO - Started process (PID=668) to work on /opt/airflow/dags/cotacoes_dags.py
[2026-06-07T05:35:59.050+0000] {processor.py:830} INFO - Processing file /opt/airflow/dags/cotacoes_dags.py for tasks to queue
[2026-06-07T05:35:59.058+0000] {logging_mixin.py:188} INFO - [2026-06-07T05:35:59.057+0000] {dagbag.py:545} INFO - Filling up the DagBag from /opt/airflow/dags/cotacoes_dags.py
[2026-06-07T05:35:59.151+0000] {processor.py:840} INFO - DAG(s) 'etl_cotacoes_moedas' retrieved from /opt/airflow/dags/cotacoes_dags.py
[2026-06-07T05:35:59.225+0000] {logging_mixin.py:188} INFO - [2026-06-07T05:35:59.224+0000] {dag.py:3096} INFO - Sync 1 DAGs
[2026-06-07T05:35:59.275+0000] {logging_mixin.py:188} INFO - [2026-06-07T05:35:59.274+0000] {dag.py:3954} INFO - Setting next_dagrun for etl_cotacoes_moedas to 2026-06-07 00:00:00+00:00, run_after=2026-06-08 00:00:00+00:00
[2026-06-07T05:35:59.311+0000] {processor.py:183} INFO - Processing /opt/airflow/dags/cotacoes_dags.py took 0.285 seconds
[2026-06-07T05:36:06.430+0000] {processor.py:161} INFO - Started process (PID=673) to work on /opt/airflow/dags/cotacoes_dags.py
[2026-06-07T05:36:06.431+0000] {processor.py:830} INFO - Processing file /opt/airflow/dags/cotacoes_dags.py for tasks to queue
[2026-06-07T05:36:06.433+0000] {logging_mixin.py:188} INFO - [2026-06-07T05:36:06.433+0000] {dagbag.py:545} INFO - Filling up the DagBag from /opt/airflow/dags/cotacoes_dags.py
[2026-06-07T05:36:06.499+0000] {processor.py:840} INFO - DAG(s) 'etl_cotacoes_moedas' retrieved from /opt/airflow/dags/cotacoes_dags.py
[2026-06-07T05:36:06.814+0000] {logging_mixin.py:188} INFO - [2026-06-07T05:36:06.814+0000] {dag.py:3096} INFO - Sync 1 DAGs
[2026-06-07T05:36:06.845+0000] {logging_mixin.py:188} INFO - [2026-06-07T05:36:06.844+0000] {dag.py:3954} INFO - Setting next_dagrun for etl_cotacoes_moedas to 2026-06-07 00:00:00+00:00, run_after=2026-06-08 00:00:00+00:00
[2026-06-07T05:36:06.890+0000] {processor.py:183} INFO - Processing /opt/airflow/dags/cotacoes_dags.py took 0.472 seconds
[2026-06-07T05:36:17.114+0000] {processor.py:161} INFO - Started process (PID=678) to work on /opt/airflow/dags/cotacoes_dags.py
[2026-06-07T05:36:17.116+0000] {processor.py:830} INFO - Processing file /opt/airflow/dags/cotacoes_dags.py for tasks to queue
[2026-06-07T05:36:17.118+0000] {logging_mixin.py:188} INFO - [2026-06-07T05:36:17.117+0000] {dagbag.py:545} INFO - Filling up the DagBag from /opt/airflow/dags/cotacoes_dags.py
[2026-06-07T05:36:17.162+0000] {processor.py:840} INFO - DAG(s) 'etl_cotacoes_moedas' retrieved from /opt/airflow/dags/cotacoes_dags.py
[2026-06-07T05:36:17.178+0000] {logging_mixin.py:188} INFO - [2026-06-07T05:36:17.178+0000] {dag.py:3096} INFO - Sync 1 DAGs
[2026-06-07T05:36:17.194+0000] {logging_mixin.py:188} INFO - [2026-06-07T05:36:17.194+0000] {dag.py:3954} INFO - Setting next_dagrun for etl_cotacoes_moedas to 2026-06-07 00:00:00+00:00, run_after=2026-06-08 00:00:00+00:00
[2026-06-07T05:36:17.217+0000] {processor.py:183} INFO - Processing /opt/airflow/dags/cotacoes_dags.py took 0.110 seconds
[2026-06-07T05:36:28.344+0000] {processor.py:161} INFO - Started process (PID=683) to work on /opt/airflow/dags/cotacoes_dags.py
[2026-06-07T05:36:28.351+0000] {processor.py:830} INFO - Processing file /opt/airflow/dags/cotacoes_dags.py for tasks to queue
[2026-06-07T05:36:28.361+0000] {logging_mixin.py:188} INFO - [2026-06-07T05:36:28.359+0000] {dagbag.py:545} INFO - Filling up the DagBag from /opt/airflow/dags/cotacoes_dags.py
[2026-06-07T05:36:28.481+0000] {processor.py:840} INFO - DAG(s) 'etl_cotacoes_moedas' retrieved from /opt/airflow/dags/cotacoes_dags.py
[2026-06-07T05:36:28.505+0000] {logging_mixin.py:188} INFO - [2026-06-07T05:36:28.504+0000] {dag.py:3096} INFO - Sync 1 DAGs
[2026-06-07T05:36:28.591+0000] {logging_mixin.py:188} INFO - [2026-06-07T05:36:28.590+0000] {dag.py:3954} INFO - Setting next_dagrun for etl_cotacoes_moedas to 2026-06-07 00:00:00+00:00, run_after=2026-06-08 00:00:00+00:00
[2026-06-07T05:36:28.668+0000] {processor.py:183} INFO - Processing /opt/airflow/dags/cotacoes_dags.py took 0.366 seconds
[2026-06-07T05:36:37.576+0000] {processor.py:161} INFO - Started process (PID=688) to work on /opt/airflow/dags/cotacoes_dags.py
[2026-06-07T05:36:37.580+0000] {processor.py:830} INFO - Processing file /opt/airflow/dags/cotacoes_dags.py for tasks to queue
[2026-06-07T05:36:37.586+0000] {logging_mixin.py:188} INFO - [2026-06-07T05:36:37.585+0000] {dagbag.py:545} INFO - Filling up the DagBag from /opt/airflow/dags/cotacoes_dags.py
[2026-06-07T05:36:37.696+0000] {processor.py:840} INFO - DAG(s) 'etl_cotacoes_moedas' retrieved from /opt/airflow/dags/cotacoes_dags.py
[2026-06-07T05:36:37.866+0000] {logging_mixin.py:188} INFO - [2026-06-07T05:36:37.866+0000] {dag.py:3096} INFO - Sync 1 DAGs
[2026-06-07T05:36:37.887+0000] {logging_mixin.py:188} INFO - [2026-06-07T05:36:37.887+0000] {dag.py:3954} INFO - Setting next_dagrun for etl_cotacoes_moedas to 2026-06-07 00:00:00+00:00, run_after=2026-06-08 00:00:00+00:00
[2026-06-07T05:36:37.952+0000] {processor.py:183} INFO - Processing /opt/airflow/dags/cotacoes_dags.py took 0.388 seconds
[2026-06-07T05:36:42.966+0000] {processor.py:161} INFO - Started process (PID=693) to work on /opt/airflow/dags/cotacoes_dags.py
[2026-06-07T05:36:42.970+0000] {processor.py:830} INFO - Processing file /opt/airflow/dags/cotacoes_dags.py for tasks to queue
[2026-06-07T05:36:42.977+0000] {logging_mixin.py:188} INFO - [2026-06-07T05:36:42.976+0000] {dagbag.py:545} INFO - Filling up the DagBag from /opt/airflow/dags/cotacoes_dags.py
[2026-06-07T05:36:43.127+0000] {processor.py:840} INFO - DAG(s) 'etl_cotacoes_moedas' retrieved from /opt/airflow/dags/cotacoes_dags.py
[2026-06-07T05:36:43.167+0000] {logging_mixin.py:188} INFO - [2026-06-07T05:36:43.167+0000] {dag.py:3096} INFO - Sync 1 DAGs
[2026-06-07T05:36:43.206+0000] {logging_mixin.py:188} INFO - [2026-06-07T05:36:43.205+0000] {dag.py:3954} INFO - Setting next_dagrun for etl_cotacoes_moedas to 2026-06-07 00:00:00+00:00, run_after=2026-06-08 00:00:00+00:00
[2026-06-07T05:36:43.283+0000] {processor.py:183} INFO - Processing /opt/airflow/dags/cotacoes_dags.py took 0.333 seconds
[2026-06-07T05:37:13.627+0000] {processor.py:161} INFO - Started process (PID=698) to work on /opt/airflow/dags/cotacoes_dags.py
[2026-06-07T05:37:13.629+0000] {processor.py:830} INFO - Processing file /opt/airflow/dags/cotacoes_dags.py for tasks to queue
[2026-06-07T05:37:13.632+0000] {logging_mixin.py:188} INFO - [2026-06-07T05:37:13.631+0000] {dagbag.py:545} INFO - Filling up the DagBag from /opt/airflow/dags/cotacoes_dags.py
[2026-06-07T05:37:13.733+0000] {processor.py:840} INFO - DAG(s) 'etl_cotacoes_moedas' retrieved from /opt/airflow/dags/cotacoes_dags.py
[2026-06-07T05:37:13.794+0000] {logging_mixin.py:188} INFO - [2026-06-07T05:37:13.793+0000] {dag.py:3096} INFO - Sync 1 DAGs
[2026-06-07T05:37:13.855+0000] {logging_mixin.py:188} INFO - [2026-06-07T05:37:13.854+0000] {dag.py:3954} INFO - Setting next_dagrun for etl_cotacoes_moedas to 2026-06-07 00:00:00+00:00, run_after=2026-06-08 00:00:00+00:00
[2026-06-07T05:37:13.945+0000] {processor.py:183} INFO - Processing /opt/airflow/dags/cotacoes_dags.py took 0.334 seconds
[2026-06-07T05:37:44.237+0000] {processor.py:161} INFO - Started process (PID=703) to work on /opt/airflow/dags/cotacoes_dags.py
[2026-06-07T05:37:44.240+0000] {processor.py:830} INFO - Processing file /opt/airflow/dags/cotacoes_dags.py for tasks to queue
[2026-06-07T05:37:44.244+0000] {logging_mixin.py:188} INFO - [2026-06-07T05:37:44.243+0000] {dagbag.py:545} INFO - Filling up the DagBag from /opt/airflow/dags/cotacoes_dags.py
[2026-06-07T05:37:44.299+0000] {processor.py:840} INFO - DAG(s) 'etl_cotacoes_moedas' retrieved from /opt/airflow/dags/cotacoes_dags.py
[2026-06-07T05:37:44.350+0000] {logging_mixin.py:188} INFO - [2026-06-07T05:37:44.350+0000] {dag.py:3096} INFO - Sync 1 DAGs
[2026-06-07T05:37:44.381+0000] {logging_mixin.py:188} INFO - [2026-06-07T05:37:44.381+0000] {dag.py:3954} INFO - Setting next_dagrun for etl_cotacoes_moedas to 2026-06-07 00:00:00+00:00, run_after=2026-06-08 00:00:00+00:00
[2026-06-07T05:37:44.413+0000] {processor.py:183} INFO - Processing /opt/airflow/dags/cotacoes_dags.py took 0.189 seconds
[2026-06-07T05:38:14.580+0000] {processor.py:161} INFO - Started process (PID=708) to work on /opt/airflow/dags/cotacoes_dags.py
[2026-06-07T05:38:14.583+0000] {processor.py:830} INFO - Processing file /opt/airflow/dags/cotacoes_dags.py for tasks to queue
[2026-06-07T05:38:14.587+0000] {logging_mixin.py:188} INFO - [2026-06-07T05:38:14.587+0000] {dagbag.py:545} INFO - Filling up the DagBag from /opt/airflow/dags/cotacoes_dags.py
[2026-06-07T05:38:14.627+0000] {processor.py:840} INFO - DAG(s) 'etl_cotacoes_moedas' retrieved from /opt/airflow/dags/cotacoes_dags.py
[2026-06-07T05:38:14.692+0000] {logging_mixin.py:188} INFO - [2026-06-07T05:38:14.691+0000] {dag.py:3096} INFO - Sync 1 DAGs
[2026-06-07T05:38:14.717+0000] {logging_mixin.py:188} INFO - [2026-06-07T05:38:14.717+0000] {dag.py:3954} INFO - Setting next_dagrun for etl_cotacoes_moedas to 2026-06-07 00:00:00+00:00, run_after=2026-06-08 00:00:00+00:00
[2026-06-07T05:38:14.750+0000] {processor.py:183} INFO - Processing /opt/airflow/dags/cotacoes_dags.py took 0.182 seconds
[2026-06-07T05:38:45.003+0000] {processor.py:161} INFO - Started process (PID=713) to work on /opt/airflow/dags/cotacoes_dags.py
[2026-06-07T05:38:45.005+0000] {processor.py:830} INFO - Processing file /opt/airflow/dags/cotacoes_dags.py for tasks to queue
[2026-06-07T05:38:45.007+0000] {logging_mixin.py:188} INFO - [2026-06-07T05:38:45.007+0000] {dagbag.py:545} INFO - Filling up the DagBag from /opt/airflow/dags/cotacoes_dags.py
[2026-06-07T05:38:45.044+0000] {processor.py:840} INFO - DAG(s) 'etl_cotacoes_moedas' retrieved from /opt/airflow/dags/cotacoes_dags.py
[2026-06-07T05:38:45.078+0000] {logging_mixin.py:188} INFO - [2026-06-07T05:38:45.078+0000] {dag.py:3096} INFO - Sync 1 DAGs
[2026-06-07T05:38:45.098+0000] {logging_mixin.py:188} INFO - [2026-06-07T05:38:45.098+0000] {dag.py:3954} INFO - Setting next_dagrun for etl_cotacoes_moedas to 2026-06-07 00:00:00+00:00, run_after=2026-06-08 00:00:00+00:00
[2026-06-07T05:38:45.147+0000] {processor.py:183} INFO - Processing /opt/airflow/dags/cotacoes_dags.py took 0.152 seconds
[2026-06-07T05:39:15.408+0000] {processor.py:161} INFO - Started process (PID=718) to work on /opt/airflow/dags/cotacoes_dags.py
[2026-06-07T05:39:15.412+0000] {processor.py:830} INFO - Processing file /opt/airflow/dags/cotacoes_dags.py for tasks to queue
[2026-06-07T05:39:15.419+0000] {logging_mixin.py:188} INFO - [2026-06-07T05:39:15.419+0000] {dagbag.py:545} INFO - Filling up the DagBag from /opt/airflow/dags/cotacoes_dags.py
[2026-06-07T05:39:15.456+0000] {processor.py:840} INFO - DAG(s) 'etl_cotacoes_moedas' retrieved from /opt/airflow/dags/cotacoes_dags.py
[2026-06-07T05:39:15.489+0000] {logging_mixin.py:188} INFO - [2026-06-07T05:39:15.489+0000] {dag.py:3096} INFO - Sync 1 DAGs
[2026-06-07T05:39:15.509+0000] {logging_mixin.py:188} INFO - [2026-06-07T05:39:15.509+0000] {dag.py:3954} INFO - Setting next_dagrun for etl_cotacoes_moedas to 2026-06-07 00:00:00+00:00, run_after=2026-06-08 00:00:00+00:00
[2026-06-07T05:39:15.530+0000] {processor.py:183} INFO - Processing /opt/airflow/dags/cotacoes_dags.py took 0.138 seconds
